specimen_id	cohort	plot_include	denominator_type	full_tumor_allele_reads_before_hdr_filter	strict_hdr_barcode_yes_reads_excluded	denominator_nonhdr_tumor_allele_reads	strict_hdr_barcode_yes_reads_contributed_to_denominator	compound_selected_g12_g13_reads	WT_reads	WT_pct	G12D_reads	G12D_pct	G12V_reads	G12V_pct	G12C_reads	G12C_pct	G12A_reads	G12A_pct	G12R_reads	G12R_pct	G12S_reads	G12S_pct	G13D_reads	G13D_pct	G13C_reads	G13C_pct	G13R_reads	G13R_pct	other_reads	other_pct	category_pct_sum	category_count_check_pass
KP_376	KP	yes	non-HDR tumor-only allele reads from codon13-window spectrum	1155582	19	1155563	0	110	1076543	93.16177482318143	623	0.05391311421359112	1655	0.14322023117735683	1961	0.1697008298119618	408	0.03530746484613993	635	0.054951569062007	1412	0.12219152049693525	641	0.055470796486214946	588	0.05088428757237814	382	0.03305747934123886	70715	6.119527883810749	100.0	True
KP_378	KP	yes	non-HDR tumor-only allele reads from codon13-window spectrum	1062813	2	1062811	0	106	964167	90.71857555106223	545	0.051279107950519896	6165	0.5800655055320278	1825	0.17171444405449324	445	0.04187009731739698	903	0.08496336601709993	840	0.0790356893182325	822	0.07734206740427037	399	0.03754195242616044	297	0.027944761580375062	86403	8.129667457337193	100.00000000000001	True
KP_398	KP	yes	non-HDR tumor-only allele reads from codon13-window spectrum	1378587	358	1378229	0	151	1295571	94.00259318299064	1427	0.10353867173016966	2363	0.17145191401428936	2575	0.18683397316411132	468	0.03395662114205985	542	0.0393258304679411	1092	0.07923211599813965	1202	0.08721337310417934	550	0.03990628553019854	387	0.028079513636703333	72052	5.227868518221573	99.99999999999997	True
KP_703	KP	yes	non-HDR tumor-only allele reads from codon13-window spectrum	1179647	18	1179629	0	156	1155590	97.96215589816798	500	0.042386207867049726	3699	0.3135731658004339	2242	0.19005975607585096	369	0.031281021405882695	490	0.04153848370970873	897	0.0760408569134872	527	0.04467506309187041	511	0.04331870444012482	365	0.0309419317429463	14439	1.224028910784662	100.00000000000003	True
KP_751	KP	yes	non-HDR tumor-only allele reads from codon13-window spectrum	1290828	30	1290798	0	115	1268542	98.2757952832279	878	0.06801993805382407	3177	0.24612681457516977	1412	0.10938969536674212	393	0.030446282067372276	393	0.030446282067372276	1138	0.08816251652078791	998	0.0773165127308843	505	0.039123085099295164	311	0.02409362270471445	13051	1.011079967585943	99.99999999999999	True
KP_768	KP	yes	non-HDR tumor-only allele reads from codon13-window spectrum	1146022	294	1145728	0	144	1122449	97.96819140319518	567	0.04948818567757792	1556	0.13580884817338845	1982	0.17299044799463748	392	0.034214054295609427	513	0.04477502513685622	1064	0.09286671880236845	1156	0.10089654787174618	547	0.04774257066249581	418	0.036483353815216175	15084	1.31654284437493	99.99999999999999	True
KP_811	KP	yes	non-HDR tumor-only allele reads from codon13-window spectrum	1133577	624	1132953	0	146	1071191	94.54858233307118	1079	0.09523784305262442	3174	0.2801528395264411	2247	0.19833126352108163	524	0.04625081534715032	587	0.05181150497858252	1591	0.1404294794223591	627	0.05534210156996804	503	0.04439725213667293	433	0.03821870810174827	50997	4.501245859272185	100.00000000000001	True
KP_848	KP	yes	non-HDR tumor-only allele reads from codon13-window spectrum	1306614	4	1306610	0	118	1214814	92.97449124069156	664	0.050818530395450826	3204	0.2452147159443139	2331	0.17840059390330704	438	0.03352186191748111	635	0.04859904638721577	1364	0.10439228231836585	1137	0.08701907990907769	520	0.03979764428559402	345	0.02640420630486526	81158	6.211340797942768	100.0	True
KP_850	KP	yes	non-HDR tumor-only allele reads from codon13-window spectrum	1150586	6	1150580	0	170	1118582	97.21896782492308	567	0.04927949382050792	2180	0.1894696587807888	2308	0.20059448278259662	481	0.04180500269429331	557	0.048410366945366684	1586	0.13784352239739958	684	0.05944827825966034	631	0.05484190582141181	414	0.03598185263084705	22590	1.9633576109440456	99.99999999999999	True
KP_875	KP	yes	non-HDR tumor-only allele reads from codon13-window spectrum	1667451	948	1666503	0	189	1636475	98.19814305764827	1534	0.09204903921565098	1689	0.10134995256534192	2911	0.17467715329645372	670	0.04020394802769632	733	0.043984319260151346	1535	0.09210904510822963	791	0.04746466102971312	772	0.04632454907071874	601	0.036063541439769385	18792	1.1276307333380138	100.0	True
KPTT_613	KPTT	yes	non-HDR tumor-only allele reads from codon13-window spectrum	1799134	34	1799100	0	317	1745295	97.0093380023345	877	0.048746595519982214	6833	0.3798010116169196	3453	0.1919292979823245	810	0.04502251125562781	937	0.05208159635373242	1596	0.08871102217775555	1763	0.09799344116502695	958	0.053248846645544995	710	0.0394641765327108	35868	1.9936634984158745	100.0	True
KPTT_617	KPTT	yes	non-HDR tumor-only allele reads from codon13-window spectrum	1371092	82	1371010	0	149	1331605	97.12584153288452	951	0.06936492075185448	6236	0.45484715647588275	2255	0.1644772831708011	436	0.03180137271062939	636	0.04638915835770709	1258	0.09175717172011874	723	0.05273484511418589	574	0.041866944807113005	392	0.028592059868272297	25944	1.8923275541389195	100.0	True
KPTT_637	KPTT	yes	non-HDR tumor-only allele reads from codon13-window spectrum	1181672	24	1181648	0	141	1138847	96.37785533424506	831	0.07032551148903904	2316	0.19599745440266475	1891	0.16003073673378196	415	0.035120441959026714	548	0.04637590890011239	875	0.07404912461240573	598	0.05060728744939271	520	0.044006336912515404	347	0.02936576713200547	34460	2.9162660961640015	100.0	True
KPTT_646	KPTT	yes	non-HDR tumor-only allele reads from codon13-window spectrum	1441473	139	1441334	0	157	1414035	98.10599070028182	1045	0.07250227913863129	1260	0.08741901599490472	2531	0.17560121387547925	391	0.027127647026990276	462	0.03205363919813173	983	0.06820070851031058	1022	0.07090653519586716	633	0.04391764851172594	424	0.029417192683999685	18548	1.2868634195821371	99.99999999999999	True
KPTT_655	KPTT	yes	non-HDR tumor-only allele reads from codon13-window spectrum	1225029	12	1225017	0	136	1176716	96.05711594206447	592	0.04832585996765759	4675	0.38162735700810685	2111	0.17232413917521144	451	0.03681581561725266	443	0.036162763455527554	1139	0.09297830152561148	1123	0.09167219720216127	473	0.038611709061996694	327	0.02669350711051357	36967	3.0176724078114834	99.99999999999999	True
