specimen_id	cohort	sample_name	analysis_name	raw_pairs	r1_records	r2_records	pair_id_mismatches	amplicon_matched_pairs	cutsite_covering_pairs	cutsite_classifiable_pairs	alignment_failure_pairs	low_quality_pairs	conflicting_reverse_mate_pairs	ambiguous_low_confidence_pairs	wt_unmodified_cutsite_pairs	cutsite_indel_pairs	substitution_only_cutsite_window_pairs	other_variant_outside_window_pairs	hdr_kras_g12d_pair_calls	non_hdr_classifiable_pairs	non_hdr_wt_unmodified_cutsite_pairs	non_hdr_cutsite_indel_pairs	non_hdr_substitution_only_cutsite_window_pairs	non_hdr_other_variant_outside_window_pairs	paired_hdr_exact_pairs	paired_hdr_wt_exact_pairs	paired_hdr_other_pattern_pairs	paired_hdr_short_pairs	paired_hdr_no_forward_primer_pairs	existing_kras_hdr_exact_pct	existing_kras_hdr_exact_reads	existing_kras_hdr_denominator	existing_kras_qc_flag	cutsite_classifiable_pct_raw	alignment_failure_pct_cutsite_covering	ambiguous_low_confidence_pct_raw	ambiguous_low_confidence_pct_cutsite_covering	cutsite_indel_pct_classifiable	non_hdr_cutsite_indel_pct_non_hdr_classifiable	wt_unmodified_cutsite_pct_classifiable	qc_flag
Normal_458	Normal	L711	Normal_458_Kras	1477657	1477657	1477657	0	1439664	591768	528386	692	23406	0	949271	154521	181766	188505	3594	0	528386	154521	181766	188505	3594	0	733257	551096	0	193304	0.000000	0	1285438	high_noncanonical_fraction	35.758366	0.116938	64.241634	160.412696	34.400230	34.400230	29.243962	fail_high_ambiguous_rate
Normal_460	Normal	L712	Normal_460_Kras	1487428	1487428	1487428	0	1476871	696448	675303	33	12369	0	812125	309851	15808	343844	5800	0	675303	309851	15808	343844	5800	0	1308209	74708	0	104511	0.000000	0	1383091	pass	45.400719	0.004738	54.599281	116.609567	2.340875	2.340875	45.883255	fail_high_ambiguous_rate
KPTT_617	KPTT	L713	KPTT_617_Kras	1783615	1783615	1783615	0	1611836	712092	583691	22	109834	0	1199924	1105	84328	498218	16	24	583667	1105	84328	498218	16	77	1331531	108551	0	343456	0.005346	77	1440419	pass	32.725168	0.003089	67.274832	168.506878	14.447370	14.447964	0.189312	fail_high_ambiguous_rate
KPTT_637	KPTT	L714	KPTT_637_Kras	1429239	1429239	1429239	0	1404801	666593	634357	50	13591	0	794882	0	224419	409915	12	11	634346	0	224419	409915	12	23	1139245	124116	0	165855	0.001820	23	1263954	pass	44.384249	0.007501	55.615751	119.245477	35.377398	35.378011	0.000000	fail_high_ambiguous_rate
KPTT_646	KPTT	L715	KPTT_646_Kras	1659032	1659032	1659032	0	1632891	786848	209754	12	571306	0	1449278	1361	168601	39721	27	44	209710	1361	168601	39721	27	133	1414948	49437	0	194514	0.009080	133	1464791	pass	12.643156	0.001525	87.356844	184.187797	80.380350	80.397215	0.648855	fail_high_ambiguous_rate
KPTT_613	KPTT	L716	KPTT_613_Kras	2144709	2144709	2144709	0	2114837	1000976	751724	28	227092	1	1392985	1277	94702	655709	28	8	751716	1277	94702	655709	28	33	1747644	137223	0	259809	0.001750	33	1885591	pass	35.050163	0.002797	64.949837	139.162677	12.597975	12.598109	0.169876	fail_high_ambiguous_rate
KPTT_655	KPTT	L717	KPTT_655_Kras	1487963	1487963	1487963	0	1464913	670537	630695	37	16788	0	857268	1453	181730	447487	22	3	630692	1453	181730	447487	22	12	1177577	138637	0	171737	0.000911	12	1316688	pass	42.386471	0.005518	57.613529	127.847979	28.814245	28.814382	0.230381	fail_high_ambiguous_rate
KP_398	KP	L718	KP_398_Kras	1764186	1764186	1764186	0	1711678	762229	353630	72	376610	0	1410556	0	286972	66498	22	138	353492	0	286972	66498	22	350	1287818	263225	0	212793	0.022551	350	1552004	pass	20.044939	0.009446	79.955061	185.056722	81.150355	81.182035	0.000000	fail_high_ambiguous_rate
KP_376	KP	L719	KP_376_Kras	1513167	1513167	1513167	0	1481527	675279	622791	61	13502	1	890376	0	433954	188812	14	11	622780	0	433954	188812	14	19	1075447	257604	0	180097	0.001425	19	1333726	pass	41.158114	0.009033	58.841886	131.853056	69.678913	69.680144	0.000000	fail_high_ambiguous_rate
KP_850	KP	L720	KP_850_Kras	1355351	1355351	1355351	0	1329035	645347	617310	40	14960	0	738041	714	204861	411713	21	1	617309	714	204861	411713	21	6	1119675	82916	0	152754	0.000499	6	1202768	pass	45.546135	0.006198	54.453865	114.363435	33.186082	33.186135	0.115663	fail_high_ambiguous_rate
KP_768	KP	L721	KP_768_Kras	1331066	1331066	1331066	0	1313424	658140	635116	18	16296	0	695950	1365	29200	604392	23	136	634980	1365	29200	604392	23	281	1025310	148658	0	156817	0.023924	281	1174536	pass	47.714839	0.002735	52.285161	105.744978	4.597585	4.598570	0.214921	fail_high_ambiguous_rate
KP_751	KP	L722	KP_751_Kras	1469212	1469212	1469212	0	1446806	636904	512256	7	120145	0	956956	993	42256	468975	23	9	512247	993	42256	468975	23	30	1266923	41309	0	160950	0.002293	30	1308571	pass	34.866037	0.001099	65.133963	150.251215	8.249000	8.249145	0.193848	fail_high_ambiguous_rate
KP_703	KP	L723	KP_703_Kras	1366774	1366774	1366774	0	1341999	640513	620993	7	12276	0	745781	0	153637	467341	14	1	620992	0	153637	467341	14	18	1155540	51185	0	160031	0.001491	18	1206929	pass	45.434944	0.001093	54.565056	116.434951	24.740537	24.740576	0.000000	fail_high_ambiguous_rate
KP_875	KP	L724	KP_875_Kras	1944613	1944613	1944613	0	1893511	914913	886900	30	19877	0	1057713	1484	56480	828549	44	343	886557	1484	56480	828549	44	928	1468135	225935	0	249615	0.054737	928	1695367	pass	45.608046	0.003279	54.391954	115.608041	6.368249	6.370713	0.167324	fail_high_ambiguous_rate
KP_811	KP	L725	KP_811_Kras	1399652	1399652	1399652	0	1381801	596342	552415	95	16694	0	847237	611	96024	455597	13	170	552245	611	96024	455597	13	605	1050337	206384	0	142326	0.048106	605	1257642	pass	39.468025	0.015930	60.531975	142.072334	17.382584	17.387935	0.110605	fail_high_ambiguous_rate
KP_848	KP	L726	KP_848_Kras	1704541	1704541	1704541	0	1678166	773522	663957	154	65750	0	1040584	1333	66506	596086	32	0	663957	1333	66506	596086	32	4	1215162	302467	0	186908	0.000264	4	1517981	pass	38.952246	0.019909	61.047754	134.525456	10.016613	10.016613	0.200766	fail_high_ambiguous_rate
KP_378	KP	L727	KP_378_Kras	1477612	1477612	1477612	0	1430514	671363	604331	245	19137	2	873281	1135	125969	477199	27	1	604330	1135	125969	477199	27	2	966014	323158	0	188438	0.000155	2	1289839	high_noncanonical_fraction	40.899167	0.036493	59.100833	130.075831	20.844372	20.844406	0.187811	fail_high_ambiguous_rate
