Specimen,Cohort,Kras_HDR_pct,Trp53_indel_pct
Normal_458,Normal,0.000000,0.060012
Normal_460,Normal,0.000000,0.106745
KP_376,KP,0.001425,68.101554
KP_378,KP,0.000155,51.610794
KP_398,KP,0.022551,54.159538
KP_703,KP,0.001491,39.453572
KP_751,KP,0.002293,37.534495
KP_768,KP,0.023924,24.419965
KP_811,KP,0.048106,
KP_848,KP,0.000264,26.908666
KP_850,KP,0.000499,45.210113
KP_875,KP,0.054737,17.176777
KPTT_613,KPTT,0.001750,35.825544
KPTT_617,KPTT,0.005346,26.715455
KPTT_637,KPTT,0.001820,42.045927
KPTT_646,KPTT,0.009080,4.455556
KPTT_655,KPTT,0.000911,26.390977
