specimen_id	cohort	sample_name	plot_include	raw_pairs	not_full_window_classifiable_pairs	full_pm20_classifiable_pairs_including_HDR	hdr_excluded_pairs	displayed_nonhdr_classifiable_pairs	indel_pairs	indel_pct_of_displayed_nonhdr_classifiable	pm20_window_start	pm20_window_end	min_window_baseq	background_substitution	background_substitution_nonhdr_classifiable_pairs	frameshift_indel_pairs	frameshift_indel_pct_of_displayed_nonhdr_classifiable	frameshift_indel_pct_of_indel_reads	in_frame_indel_pairs	in_frame_indel_pct_of_displayed_nonhdr_classifiable	in_frame_indel_pct_of_indel_reads	other_indel_frame_status_pairs	other_indel_frame_status_pct_of_displayed_nonhdr_classifiable	other_indel_frame_status_pct_of_indel_reads	frame_split_pct_of_displayed_nonhdr_classifiable_sum	frame_split_pct_of_indel_reads_sum	hdr_denominator_check_pass	indel_count_check_pass
Normal_458	Normal	L711	no	1477657	949271	528386	0	528386	181766	34.400230134787826	71	111	20	sub:83:T>C	181305	169653	32.107777268890544	93.33593741403783	12113	2.2924528658972796	6.664062585962171	0	0.0	0.0	34.400230134787826	100.0	True	True
Normal_460	Normal	L712	no	1487428	812125	675303	0	675303	15808	2.340875133088406	71	111	20	sub:83:T>C	328791	13603	2.0143550376645742	86.05136639676114	2205	0.326520095423832	13.948633603238866	0	0.0	0.0	2.340875133088406	100.0	True	True
KP_376	KP	L719	yes	1513167	890376	622791	11	622780	433954	69.6801438710299	71	111	20	sub:83:T>C	544017	422440	67.8313369086997	97.34672338542795	11514	1.8488069623301968	2.6532766145720514	0	0.0	0.0	69.6801438710299	100.0	True	True
KP_378	KP	L727	yes	1477612	873281	604331	1	604330	125969	20.844406201909553	71	111	20	sub:83:T>C	503548	118769	19.65300415335992	94.28430804404258	7200	1.1914020485496335	5.715691955957418	0	0.0	0.0	20.844406201909553	100.0	True	True
KP_398	KP	L718	yes	1764186	1410556	353630	138	353492	286972	81.18203523700677	71	111	20	sub:83:T>C	219682	235027	66.48721894696344	81.89893090615112	51945	14.69481629004334	18.101069093848878	0	0.0	0.0	81.18203523700677	100.0	True	True
KP_703	KP	L723	yes	1366774	745781	620993	1	620992	153637	24.740576368133567	71	111	20	sub:83:T>C	604172	142800	22.995465320004122	92.94636057720471	10837	1.7451110481294445	7.05363942279529	0	0.0	0.0	24.740576368133567	100.0	True	True
KP_751	KP	L722	yes	1469212	956956	512256	9	512247	42256	8.249145431793647	71	111	20	sub:83:T>C	496665	29695	5.797008083990731	70.27404392275653	12561	2.4521373478029154	29.725956077243467	0	0.0	0.0	8.249145431793647	100.0	True	True
KP_768	KP	L721	yes	1331066	695950	635116	136	634980	29200	4.598570033701849	71	111	20	sub:83:T>C	574796	27481	4.327852845758922	94.11301369863014	1719	0.2707171879429273	5.886986301369863	0	0.0	0.0	4.598570033701849	100.0	True	True
KP_811	KP	L725	yes	1399652	847237	552415	170	552245	96024	17.387934702894547	71	111	20	sub:83:T>C	373500	86177	15.604849296960587	89.7452720153295	9847	1.7830854059339605	10.254727984670499	0	0.0	0.0	17.387934702894547	100.0	True	True
KP_848	KP	L726	yes	1704541	1040584	663957	0	663957	66506	10.016612521594018	71	111	20	sub:83:T>C	628127	58379	8.792587471779045	87.78004992030795	8127	1.224025049814973	12.219950079692058	0	0.0	0.0	10.016612521594018	100.0	True	True
KP_850	KP	L720	yes	1355351	738041	617310	1	617309	204861	33.186135306629254	71	111	20	sub:83:T>C	502436	176309	28.56089899871863	86.06274498318372	28552	4.625236307910625	13.93725501681628	0	0.0	0.0	33.186135306629254	100.0	True	True
KP_875	KP	L724	yes	1944613	1057713	886900	343	886557	56480	6.3707127686093505	71	111	20	sub:83:T>C	788255	53953	6.0856775142489425	95.52584985835693	2527	0.2850352543604077	4.47415014164306	0	0.0	0.0	6.3707127686093505	100.0	True	True
KPTT_613	KPTT	L716	yes	2144709	1392985	751724	8	751716	94702	12.598108860261057	71	111	20	sub:83:T>C	718032	51010	6.7858074059884315	53.86369876032185	43692	5.812301454272625	46.13630123967815	0	0.0	0.0	12.598108860261057	100.0	True	True
KPTT_617	KPTT	L713	yes	1783615	1199924	583691	24	583667	84328	14.447964335828477	71	111	20	sub:83:T>C	534258	63172	10.823294789666026	74.91224741485628	21156	3.624669546162452	25.087752585143726	0	0.0	0.0	14.447964335828477	100.0	True	True
KPTT_637	KPTT	L714	yes	1429239	794882	634357	11	634346	224419	35.378011369189686	71	111	20	sub:83:T>C	597205	185932	29.310817755609715	82.85038254336754	38487	6.0671936135799704	17.14961745663246	0	0.0	0.0	35.378011369189686	100.0	True	True
KPTT_646	KPTT	L715	yes	1659032	1449278	209754	44	209710	168601	80.39721520194554	71	111	20	sub:83:T>C	193579	16447	7.842735205760336	9.754983659646147	152154	72.55447999618521	90.24501634035386	0	0.0	0.0	80.39721520194554	100.0	True	True
KPTT_655	KPTT	L717	yes	1487963	857268	630695	3	630692	181730	28.81438166331585	71	111	20	sub:83:T>C	589228	48456	7.682989478223919	26.663731909976338	133274	21.13139218509193	73.33626809002367	0	0.0	0.0	28.81438166331585	100.0	True	True
