specimen_id	cohort	codon13_effect	known_oncogenic_residue_flag	read_count
KPTT_613	KPTT	exact_wt_codon	codon12_A	653
KPTT_613	KPTT	exact_wt_codon	codon12_C	3269
KPTT_613	KPTT	exact_wt_codon	codon12_D	891
KPTT_613	KPTT	exact_wt_codon	codon12_R	766
KPTT_613	KPTT	exact_wt_codon	codon12_S	1573
KPTT_613	KPTT	exact_wt_codon	codon12_V	6486
KPTT_613	KPTT	exact_wt_codon	none_detected	1750404
KPTT_613	KPTT	known_oncogenic_residue_change	codon12_A;codon13_A	22
KPTT_613	KPTT	known_oncogenic_residue_change	codon12_A;codon13_C	21
KPTT_613	KPTT	known_oncogenic_residue_change	codon12_A;codon13_D	2
KPTT_613	KPTT	known_oncogenic_residue_change	codon12_A;codon13_R	25
KPTT_613	KPTT	known_oncogenic_residue_change	codon12_A;codon13_S	6
KPTT_613	KPTT	known_oncogenic_residue_change	codon12_A;codon13_V	30
KPTT_613	KPTT	known_oncogenic_residue_change	codon12_C;codon13_A	17
KPTT_613	KPTT	known_oncogenic_residue_change	codon12_C;codon13_C	40
KPTT_613	KPTT	known_oncogenic_residue_change	codon12_C;codon13_D	6
KPTT_613	KPTT	known_oncogenic_residue_change	codon12_C;codon13_R	35
KPTT_613	KPTT	known_oncogenic_residue_change	codon12_C;codon13_S	8
KPTT_613	KPTT	known_oncogenic_residue_change	codon12_C;codon13_V	70
KPTT_613	KPTT	known_oncogenic_residue_change	codon12_D;codon13_A	1
KPTT_613	KPTT	known_oncogenic_residue_change	codon12_D;codon13_C	3
KPTT_613	KPTT	known_oncogenic_residue_change	codon12_D;codon13_D	1
KPTT_613	KPTT	known_oncogenic_residue_change	codon12_D;codon13_R	4
KPTT_613	KPTT	known_oncogenic_residue_change	codon12_D;codon13_S	8
KPTT_613	KPTT	known_oncogenic_residue_change	codon12_D;codon13_V	2
KPTT_613	KPTT	known_oncogenic_residue_change	codon12_R;codon13_A	27
KPTT_613	KPTT	known_oncogenic_residue_change	codon12_R;codon13_C	25
KPTT_613	KPTT	known_oncogenic_residue_change	codon12_R;codon13_D	2
KPTT_613	KPTT	known_oncogenic_residue_change	codon12_R;codon13_R	23
KPTT_613	KPTT	known_oncogenic_residue_change	codon12_R;codon13_S	6
KPTT_613	KPTT	known_oncogenic_residue_change	codon12_R;codon13_V	43
KPTT_613	KPTT	known_oncogenic_residue_change	codon12_S;codon13_A	6
KPTT_613	KPTT	known_oncogenic_residue_change	codon12_S;codon13_C	8
KPTT_613	KPTT	known_oncogenic_residue_change	codon12_S;codon13_D	2
KPTT_613	KPTT	known_oncogenic_residue_change	codon12_S;codon13_R	6
KPTT_613	KPTT	known_oncogenic_residue_change	codon12_S;codon13_S	1
KPTT_613	KPTT	known_oncogenic_residue_change	codon12_S;codon13_V	5
KPTT_613	KPTT	known_oncogenic_residue_change	codon12_V;codon13_A	124
KPTT_613	KPTT	known_oncogenic_residue_change	codon12_V;codon13_C	56
KPTT_613	KPTT	known_oncogenic_residue_change	codon12_V;codon13_D	11
KPTT_613	KPTT	known_oncogenic_residue_change	codon12_V;codon13_R	47
KPTT_613	KPTT	known_oncogenic_residue_change	codon12_V;codon13_S	6
KPTT_613	KPTT	known_oncogenic_residue_change	codon12_V;codon13_V	79
KPTT_613	KPTT	known_oncogenic_residue_change	codon13_A	1430
KPTT_613	KPTT	known_oncogenic_residue_change	codon13_C	958
KPTT_613	KPTT	known_oncogenic_residue_change	codon13_D	1763
KPTT_613	KPTT	known_oncogenic_residue_change	codon13_R	710
KPTT_613	KPTT	known_oncogenic_residue_change	codon13_S	1421
KPTT_613	KPTT	known_oncogenic_residue_change	codon13_V	1260
KPTT_613	KPTT	missense_unknown_significance	codon12_A	17
KPTT_613	KPTT	missense_unknown_significance	codon12_C	5
KPTT_613	KPTT	missense_unknown_significance	codon12_R	7
KPTT_613	KPTT	missense_unknown_significance	codon12_S	1
KPTT_613	KPTT	missense_unknown_significance	codon12_V	8
KPTT_613	KPTT	missense_unknown_significance	none_detected	1181
KPTT_613	KPTT	stop_gain	codon12_A	6
KPTT_613	KPTT	stop_gain	codon12_C	9
KPTT_613	KPTT	stop_gain	codon12_R	26
KPTT_613	KPTT	stop_gain	codon12_V	9
KPTT_613	KPTT	stop_gain	none_detected	90
KPTT_613	KPTT	synonymous_noncanonical_codon	codon12_A	54
KPTT_613	KPTT	synonymous_noncanonical_codon	codon12_C	73
KPTT_613	KPTT	synonymous_noncanonical_codon	codon12_D	3
KPTT_613	KPTT	synonymous_noncanonical_codon	codon12_R	46
KPTT_613	KPTT	synonymous_noncanonical_codon	codon12_S	10
KPTT_613	KPTT	synonymous_noncanonical_codon	codon12_V	108
KPTT_613	KPTT	synonymous_noncanonical_codon	none_detected	4068
KPTT_613	KPTT	uncallable_indel_or_ambiguous	codon12_A	22
KPTT_613	KPTT	uncallable_indel_or_ambiguous	codon12_C	2
KPTT_613	KPTT	uncallable_indel_or_ambiguous	codon12_D	6
KPTT_613	KPTT	uncallable_indel_or_ambiguous	codon12_R	16
KPTT_613	KPTT	uncallable_indel_or_ambiguous	codon12_V	13
KPTT_613	KPTT	uncallable_indel_or_ambiguous	none_detected	20992
KPTT_617	KPTT	exact_wt_codon	codon12_A	381
KPTT_617	KPTT	exact_wt_codon	codon12_C	2155
KPTT_617	KPTT	exact_wt_codon	codon12_D	1021
KPTT_617	KPTT	exact_wt_codon	codon12_R	435
KPTT_617	KPTT	exact_wt_codon	codon12_S	1239
KPTT_617	KPTT	exact_wt_codon	codon12_V	6089
KPTT_617	KPTT	exact_wt_codon	none_detected	1335511
KPTT_617	KPTT	known_oncogenic_residue_change	codon12_A;codon13_A	13
KPTT_617	KPTT	known_oncogenic_residue_change	codon12_A;codon13_C	10
KPTT_617	KPTT	known_oncogenic_residue_change	codon12_A;codon13_D	1
KPTT_617	KPTT	known_oncogenic_residue_change	codon12_A;codon13_R	14
KPTT_617	KPTT	known_oncogenic_residue_change	codon12_A;codon13_S	1
KPTT_617	KPTT	known_oncogenic_residue_change	codon12_A;codon13_V	11
KPTT_617	KPTT	known_oncogenic_residue_change	codon12_C;codon13_A	9
KPTT_617	KPTT	known_oncogenic_residue_change	codon12_C;codon13_C	19
KPTT_617	KPTT	known_oncogenic_residue_change	codon12_C;codon13_R	18
KPTT_617	KPTT	known_oncogenic_residue_change	codon12_C;codon13_S	4
KPTT_617	KPTT	known_oncogenic_residue_change	codon12_C;codon13_V	41
KPTT_617	KPTT	known_oncogenic_residue_change	codon12_D;codon13_D	1
KPTT_617	KPTT	known_oncogenic_residue_change	codon12_D;codon13_R	2
KPTT_617	KPTT	known_oncogenic_residue_change	codon12_D;codon13_S	3
KPTT_617	KPTT	known_oncogenic_residue_change	codon12_D;codon13_V	2
KPTT_617	KPTT	known_oncogenic_residue_change	codon12_R;codon13_A	14
KPTT_617	KPTT	known_oncogenic_residue_change	codon12_R;codon13_C	9
KPTT_617	KPTT	known_oncogenic_residue_change	codon12_R;codon13_R	16
KPTT_617	KPTT	known_oncogenic_residue_change	codon12_R;codon13_V	21
KPTT_617	KPTT	known_oncogenic_residue_change	codon12_S;codon13_A	4
KPTT_617	KPTT	known_oncogenic_residue_change	codon12_S;codon13_C	3
KPTT_617	KPTT	known_oncogenic_residue_change	codon12_S;codon13_R	2
KPTT_617	KPTT	known_oncogenic_residue_change	codon12_S;codon13_S	2
KPTT_617	KPTT	known_oncogenic_residue_change	codon12_S;codon13_V	5
KPTT_617	KPTT	known_oncogenic_residue_change	codon12_V;codon13_A	49
KPTT_617	KPTT	known_oncogenic_residue_change	codon12_V;codon13_C	31
KPTT_617	KPTT	known_oncogenic_residue_change	codon12_V;codon13_D	5
KPTT_617	KPTT	known_oncogenic_residue_change	codon12_V;codon13_R	18
KPTT_617	KPTT	known_oncogenic_residue_change	codon12_V;codon13_S	5
KPTT_617	KPTT	known_oncogenic_residue_change	codon12_V;codon13_V	35
KPTT_617	KPTT	known_oncogenic_residue_change	codon13_A	414
KPTT_617	KPTT	known_oncogenic_residue_change	codon13_C	574
KPTT_617	KPTT	known_oncogenic_residue_change	codon13_D	723
KPTT_617	KPTT	known_oncogenic_residue_change	codon13_R	392
KPTT_617	KPTT	known_oncogenic_residue_change	codon13_S	687
KPTT_617	KPTT	known_oncogenic_residue_change	codon13_V	730
KPTT_617	KPTT	missense_unknown_significance	codon12_A	6
KPTT_617	KPTT	missense_unknown_significance	codon12_C	3
KPTT_617	KPTT	missense_unknown_significance	codon12_R	5
KPTT_617	KPTT	missense_unknown_significance	codon12_S	4
KPTT_617	KPTT	missense_unknown_significance	codon12_V	7
KPTT_617	KPTT	missense_unknown_significance	none_detected	510
KPTT_617	KPTT	stop_gain	codon12_A	2
KPTT_617	KPTT	stop_gain	codon12_C	1
KPTT_617	KPTT	stop_gain	codon12_R	120
KPTT_617	KPTT	stop_gain	codon12_V	5
KPTT_617	KPTT	stop_gain	none_detected	64
KPTT_617	KPTT	synonymous_noncanonical_codon	codon12_A	15
KPTT_617	KPTT	synonymous_noncanonical_codon	codon12_C	40
KPTT_617	KPTT	synonymous_noncanonical_codon	codon12_D	7
KPTT_617	KPTT	synonymous_noncanonical_codon	codon12_R	23
KPTT_617	KPTT	synonymous_noncanonical_codon	codon12_S	4
KPTT_617	KPTT	synonymous_noncanonical_codon	codon12_V	43
KPTT_617	KPTT	synonymous_noncanonical_codon	none_detected	2820
KPTT_617	KPTT	uncallable_indel_or_ambiguous	codon12_A	7
KPTT_617	KPTT	uncallable_indel_or_ambiguous	codon12_C	2
KPTT_617	KPTT	uncallable_indel_or_ambiguous	codon12_R	18
KPTT_617	KPTT	uncallable_indel_or_ambiguous	codon12_V	3
KPTT_617	KPTT	uncallable_indel_or_ambiguous	none_detected	16664
KPTT_637	KPTT	exact_wt_codon	codon12_A	323
KPTT_637	KPTT	exact_wt_codon	codon12_C	1798
KPTT_637	KPTT	exact_wt_codon	codon12_D	848
KPTT_637	KPTT	exact_wt_codon	codon12_R	412
KPTT_637	KPTT	exact_wt_codon	codon12_S	869
KPTT_637	KPTT	exact_wt_codon	codon12_V	2114
KPTT_637	KPTT	exact_wt_codon	none_detected	1142116
KPTT_637	KPTT	known_oncogenic_residue_change	codon12_A;codon13_A	16
KPTT_637	KPTT	known_oncogenic_residue_change	codon12_A;codon13_C	17
KPTT_637	KPTT	known_oncogenic_residue_change	codon12_A;codon13_D	2
KPTT_637	KPTT	known_oncogenic_residue_change	codon12_A;codon13_R	21
KPTT_637	KPTT	known_oncogenic_residue_change	codon12_A;codon13_S	17
KPTT_637	KPTT	known_oncogenic_residue_change	codon12_A;codon13_V	17
KPTT_637	KPTT	known_oncogenic_residue_change	codon12_C;codon13_A	7
KPTT_637	KPTT	known_oncogenic_residue_change	codon12_C;codon13_C	19
KPTT_637	KPTT	known_oncogenic_residue_change	codon12_C;codon13_D	2
KPTT_637	KPTT	known_oncogenic_residue_change	codon12_C;codon13_R	14
KPTT_637	KPTT	known_oncogenic_residue_change	codon12_C;codon13_S	2
KPTT_637	KPTT	known_oncogenic_residue_change	codon12_C;codon13_V	30
KPTT_637	KPTT	known_oncogenic_residue_change	codon12_D;codon13_C	1
KPTT_637	KPTT	known_oncogenic_residue_change	codon12_D;codon13_R	1
KPTT_637	KPTT	known_oncogenic_residue_change	codon12_D;codon13_S	1
KPTT_637	KPTT	known_oncogenic_residue_change	codon12_R;codon13_A	13
KPTT_637	KPTT	known_oncogenic_residue_change	codon12_R;codon13_C	8
KPTT_637	KPTT	known_oncogenic_residue_change	codon12_R;codon13_R	8
KPTT_637	KPTT	known_oncogenic_residue_change	codon12_R;codon13_S	9
KPTT_637	KPTT	known_oncogenic_residue_change	codon12_R;codon13_V	12
KPTT_637	KPTT	known_oncogenic_residue_change	codon12_S;codon13_C	4
KPTT_637	KPTT	known_oncogenic_residue_change	codon12_S;codon13_R	3
KPTT_637	KPTT	known_oncogenic_residue_change	codon12_S;codon13_V	1
KPTT_637	KPTT	known_oncogenic_residue_change	codon12_V;codon13_A	118
KPTT_637	KPTT	known_oncogenic_residue_change	codon12_V;codon13_C	28
KPTT_637	KPTT	known_oncogenic_residue_change	codon12_V;codon13_D	1
KPTT_637	KPTT	known_oncogenic_residue_change	codon12_V;codon13_R	12
KPTT_637	KPTT	known_oncogenic_residue_change	codon12_V;codon13_S	1
KPTT_637	KPTT	known_oncogenic_residue_change	codon12_V;codon13_V	34
KPTT_637	KPTT	known_oncogenic_residue_change	codon13_A	372
KPTT_637	KPTT	known_oncogenic_residue_change	codon13_C	520
KPTT_637	KPTT	known_oncogenic_residue_change	codon13_D	598
KPTT_637	KPTT	known_oncogenic_residue_change	codon13_R	347
KPTT_637	KPTT	known_oncogenic_residue_change	codon13_S	633
KPTT_637	KPTT	known_oncogenic_residue_change	codon13_V	666
KPTT_637	KPTT	missense_unknown_significance	codon12_A	5
KPTT_637	KPTT	missense_unknown_significance	codon12_C	7
KPTT_637	KPTT	missense_unknown_significance	codon12_R	5
KPTT_637	KPTT	missense_unknown_significance	codon12_S	1
KPTT_637	KPTT	missense_unknown_significance	codon12_V	7
KPTT_637	KPTT	missense_unknown_significance	none_detected	1454
KPTT_637	KPTT	stop_gain	codon12_A	3
KPTT_637	KPTT	stop_gain	codon12_C	7
KPTT_637	KPTT	stop_gain	codon12_R	69
KPTT_637	KPTT	stop_gain	codon12_V	5
KPTT_637	KPTT	stop_gain	none_detected	35
KPTT_637	KPTT	synonymous_noncanonical_codon	codon12_A	23
KPTT_637	KPTT	synonymous_noncanonical_codon	codon12_C	38
KPTT_637	KPTT	synonymous_noncanonical_codon	codon12_D	2
KPTT_637	KPTT	synonymous_noncanonical_codon	codon12_R	17
KPTT_637	KPTT	synonymous_noncanonical_codon	codon12_S	3
KPTT_637	KPTT	synonymous_noncanonical_codon	codon12_V	34
KPTT_637	KPTT	synonymous_noncanonical_codon	none_detected	2893
KPTT_637	KPTT	uncallable_indel_or_ambiguous	codon12_A	11
KPTT_637	KPTT	uncallable_indel_or_ambiguous	codon12_C	2
KPTT_637	KPTT	uncallable_indel_or_ambiguous	codon12_D	4
KPTT_637	KPTT	uncallable_indel_or_ambiguous	codon12_R	11
KPTT_637	KPTT	uncallable_indel_or_ambiguous	codon12_S	1
KPTT_637	KPTT	uncallable_indel_or_ambiguous	codon12_V	3
KPTT_637	KPTT	uncallable_indel_or_ambiguous	none_detected	24997
KPTT_646	KPTT	exact_wt_codon	codon12_A	347
KPTT_646	KPTT	exact_wt_codon	codon12_C	2437
KPTT_646	KPTT	exact_wt_codon	codon12_D	1174
KPTT_646	KPTT	exact_wt_codon	codon12_R	400
KPTT_646	KPTT	exact_wt_codon	codon12_S	972
KPTT_646	KPTT	exact_wt_codon	codon12_V	1109
KPTT_646	KPTT	exact_wt_codon	none_detected	1417828
KPTT_646	KPTT	known_oncogenic_residue_change	codon12_A;codon13_A	6
KPTT_646	KPTT	known_oncogenic_residue_change	codon12_A;codon13_C	14
KPTT_646	KPTT	known_oncogenic_residue_change	codon12_A;codon13_R	20
KPTT_646	KPTT	known_oncogenic_residue_change	codon12_A;codon13_S	3
KPTT_646	KPTT	known_oncogenic_residue_change	codon12_A;codon13_V	11
KPTT_646	KPTT	known_oncogenic_residue_change	codon12_C;codon13_A	8
KPTT_646	KPTT	known_oncogenic_residue_change	codon12_C;codon13_C	23
KPTT_646	KPTT	known_oncogenic_residue_change	codon12_C;codon13_D	1
KPTT_646	KPTT	known_oncogenic_residue_change	codon12_C;codon13_R	18
KPTT_646	KPTT	known_oncogenic_residue_change	codon12_C;codon13_S	3
KPTT_646	KPTT	known_oncogenic_residue_change	codon12_C;codon13_V	30
KPTT_646	KPTT	known_oncogenic_residue_change	codon12_D;codon13_A	1
KPTT_646	KPTT	known_oncogenic_residue_change	codon12_D;codon13_C	1
KPTT_646	KPTT	known_oncogenic_residue_change	codon12_D;codon13_S	1
KPTT_646	KPTT	known_oncogenic_residue_change	codon12_R;codon13_A	14
KPTT_646	KPTT	known_oncogenic_residue_change	codon12_R;codon13_C	8
KPTT_646	KPTT	known_oncogenic_residue_change	codon12_R;codon13_D	1
KPTT_646	KPTT	known_oncogenic_residue_change	codon12_R;codon13_R	17
KPTT_646	KPTT	known_oncogenic_residue_change	codon12_R;codon13_V	10
KPTT_646	KPTT	known_oncogenic_residue_change	codon12_S;codon13_A	1
KPTT_646	KPTT	known_oncogenic_residue_change	codon12_S;codon13_C	2
KPTT_646	KPTT	known_oncogenic_residue_change	codon12_S;codon13_R	5
KPTT_646	KPTT	known_oncogenic_residue_change	codon12_S;codon13_V	4
KPTT_646	KPTT	known_oncogenic_residue_change	codon12_V;codon13_A	66
KPTT_646	KPTT	known_oncogenic_residue_change	codon12_V;codon13_C	28
KPTT_646	KPTT	known_oncogenic_residue_change	codon12_V;codon13_D	1
KPTT_646	KPTT	known_oncogenic_residue_change	codon12_V;codon13_R	18
KPTT_646	KPTT	known_oncogenic_residue_change	codon12_V;codon13_S	4
KPTT_646	KPTT	known_oncogenic_residue_change	codon12_V;codon13_V	34
KPTT_646	KPTT	known_oncogenic_residue_change	codon13_A	531
KPTT_646	KPTT	known_oncogenic_residue_change	codon13_C	633
KPTT_646	KPTT	known_oncogenic_residue_change	codon13_D	1022
KPTT_646	KPTT	known_oncogenic_residue_change	codon13_R	424
KPTT_646	KPTT	known_oncogenic_residue_change	codon13_S	1233
KPTT_646	KPTT	known_oncogenic_residue_change	codon13_V	802
KPTT_646	KPTT	missense_unknown_significance	codon12_A	1
KPTT_646	KPTT	missense_unknown_significance	codon12_C	7
KPTT_646	KPTT	missense_unknown_significance	codon12_R	4
KPTT_646	KPTT	missense_unknown_significance	codon12_S	2
KPTT_646	KPTT	missense_unknown_significance	codon12_V	8
KPTT_646	KPTT	missense_unknown_significance	none_detected	454
KPTT_646	KPTT	stop_gain	codon12_A	1
KPTT_646	KPTT	stop_gain	codon12_C	3
KPTT_646	KPTT	stop_gain	codon12_D	1
KPTT_646	KPTT	stop_gain	codon12_R	8
KPTT_646	KPTT	stop_gain	codon12_V	6
KPTT_646	KPTT	stop_gain	none_detected	52
KPTT_646	KPTT	synonymous_noncanonical_codon	codon12_A	19
KPTT_646	KPTT	synonymous_noncanonical_codon	codon12_C	43
KPTT_646	KPTT	synonymous_noncanonical_codon	codon12_D	4
KPTT_646	KPTT	synonymous_noncanonical_codon	codon12_R	23
KPTT_646	KPTT	synonymous_noncanonical_codon	codon12_S	3
KPTT_646	KPTT	synonymous_noncanonical_codon	codon12_V	32
KPTT_646	KPTT	synonymous_noncanonical_codon	none_detected	3533
KPTT_646	KPTT	uncallable_indel_or_ambiguous	codon12_A	3
KPTT_646	KPTT	uncallable_indel_or_ambiguous	codon12_D	2
KPTT_646	KPTT	uncallable_indel_or_ambiguous	codon12_R	3
KPTT_646	KPTT	uncallable_indel_or_ambiguous	codon12_S	1
KPTT_646	KPTT	uncallable_indel_or_ambiguous	codon12_V	1
KPTT_646	KPTT	uncallable_indel_or_ambiguous	none_detected	7994
KPTT_655	KPTT	exact_wt_codon	codon12_A	383
KPTT_655	KPTT	exact_wt_codon	codon12_C	2034
KPTT_655	KPTT	exact_wt_codon	codon12_D	586
KPTT_655	KPTT	exact_wt_codon	codon12_R	334
KPTT_655	KPTT	exact_wt_codon	codon12_S	1133
KPTT_655	KPTT	exact_wt_codon	codon12_V	4475
KPTT_655	KPTT	exact_wt_codon	none_detected	1180099
KPTT_655	KPTT	known_oncogenic_residue_change	codon12_A;codon13_A	9
KPTT_655	KPTT	known_oncogenic_residue_change	codon12_A;codon13_C	6
KPTT_655	KPTT	known_oncogenic_residue_change	codon12_A;codon13_D	1
KPTT_655	KPTT	known_oncogenic_residue_change	codon12_A;codon13_R	19
KPTT_655	KPTT	known_oncogenic_residue_change	codon12_A;codon13_S	1
KPTT_655	KPTT	known_oncogenic_residue_change	codon12_A;codon13_V	13
KPTT_655	KPTT	known_oncogenic_residue_change	codon12_C;codon13_A	10
KPTT_655	KPTT	known_oncogenic_residue_change	codon12_C;codon13_C	22
KPTT_655	KPTT	known_oncogenic_residue_change	codon12_C;codon13_D	1
KPTT_655	KPTT	known_oncogenic_residue_change	codon12_C;codon13_R	18
KPTT_655	KPTT	known_oncogenic_residue_change	codon12_C;codon13_S	5
KPTT_655	KPTT	known_oncogenic_residue_change	codon12_C;codon13_V	22
KPTT_655	KPTT	known_oncogenic_residue_change	codon12_D;codon13_R	1
KPTT_655	KPTT	known_oncogenic_residue_change	codon12_D;codon13_S	11
KPTT_655	KPTT	known_oncogenic_residue_change	codon12_R;codon13_A	9
KPTT_655	KPTT	known_oncogenic_residue_change	codon12_R;codon13_C	10
KPTT_655	KPTT	known_oncogenic_residue_change	codon12_R;codon13_R	8
KPTT_655	KPTT	known_oncogenic_residue_change	codon12_R;codon13_S	2
KPTT_655	KPTT	known_oncogenic_residue_change	codon12_R;codon13_V	12
KPTT_655	KPTT	known_oncogenic_residue_change	codon12_S;codon13_C	5
KPTT_655	KPTT	known_oncogenic_residue_change	codon12_S;codon13_D	1
KPTT_655	KPTT	known_oncogenic_residue_change	codon12_S;codon13_R	2
KPTT_655	KPTT	known_oncogenic_residue_change	codon12_S;codon13_S	2
KPTT_655	KPTT	known_oncogenic_residue_change	codon12_S;codon13_V	3
KPTT_655	KPTT	known_oncogenic_residue_change	codon12_V;codon13_A	116
KPTT_655	KPTT	known_oncogenic_residue_change	codon12_V;codon13_C	25
KPTT_655	KPTT	known_oncogenic_residue_change	codon12_V;codon13_D	3
KPTT_655	KPTT	known_oncogenic_residue_change	codon12_V;codon13_R	14
KPTT_655	KPTT	known_oncogenic_residue_change	codon12_V;codon13_S	5
KPTT_655	KPTT	known_oncogenic_residue_change	codon12_V;codon13_V	27
KPTT_655	KPTT	known_oncogenic_residue_change	codon13_A	304
KPTT_655	KPTT	known_oncogenic_residue_change	codon13_C	473
KPTT_655	KPTT	known_oncogenic_residue_change	codon13_D	1123
KPTT_655	KPTT	known_oncogenic_residue_change	codon13_R	327
KPTT_655	KPTT	known_oncogenic_residue_change	codon13_S	681
KPTT_655	KPTT	known_oncogenic_residue_change	codon13_V	604
KPTT_655	KPTT	missense_unknown_significance	codon12_A	11
KPTT_655	KPTT	missense_unknown_significance	codon12_C	3
KPTT_655	KPTT	missense_unknown_significance	codon12_D	1
KPTT_655	KPTT	missense_unknown_significance	codon12_R	5
KPTT_655	KPTT	missense_unknown_significance	codon12_V	6
KPTT_655	KPTT	missense_unknown_significance	none_detected	1393
KPTT_655	KPTT	stop_gain	codon12_A	1
KPTT_655	KPTT	stop_gain	codon12_C	2
KPTT_655	KPTT	stop_gain	codon12_R	51
KPTT_655	KPTT	stop_gain	codon12_V	3
KPTT_655	KPTT	stop_gain	none_detected	32
KPTT_655	KPTT	synonymous_noncanonical_codon	codon12_A	20
KPTT_655	KPTT	synonymous_noncanonical_codon	codon12_C	34
KPTT_655	KPTT	synonymous_noncanonical_codon	codon12_D	3
KPTT_655	KPTT	synonymous_noncanonical_codon	codon12_R	16
KPTT_655	KPTT	synonymous_noncanonical_codon	codon12_S	1
KPTT_655	KPTT	synonymous_noncanonical_codon	codon12_V	42
KPTT_655	KPTT	synonymous_noncanonical_codon	none_detected	3075
KPTT_655	KPTT	uncallable_indel_or_ambiguous	codon12_A	13
KPTT_655	KPTT	uncallable_indel_or_ambiguous	codon12_C	1
KPTT_655	KPTT	uncallable_indel_or_ambiguous	codon12_D	3
KPTT_655	KPTT	uncallable_indel_or_ambiguous	codon12_R	14
KPTT_655	KPTT	uncallable_indel_or_ambiguous	codon12_V	1
KPTT_655	KPTT	uncallable_indel_or_ambiguous	none_detected	27359
KP_376	KP	exact_wt_codon	codon12_A	296
KP_376	KP	exact_wt_codon	codon12_C	1886
KP_376	KP	exact_wt_codon	codon12_D	623
KP_376	KP	exact_wt_codon	codon12_R	356
KP_376	KP	exact_wt_codon	codon12_S	1401
KP_376	KP	exact_wt_codon	codon12_V	1211
KP_376	KP	exact_wt_codon	none_detected	1079766
KP_376	KP	known_oncogenic_residue_change	codon12_A;codon13_A	15
KP_376	KP	known_oncogenic_residue_change	codon12_A;codon13_C	5
KP_376	KP	known_oncogenic_residue_change	codon12_A;codon13_R	10
KP_376	KP	known_oncogenic_residue_change	codon12_A;codon13_S	3
KP_376	KP	known_oncogenic_residue_change	codon12_A;codon13_V	10
KP_376	KP	known_oncogenic_residue_change	codon12_C;codon13_A	4
KP_376	KP	known_oncogenic_residue_change	codon12_C;codon13_C	15
KP_376	KP	known_oncogenic_residue_change	codon12_C;codon13_R	11
KP_376	KP	known_oncogenic_residue_change	codon12_C;codon13_S	4
KP_376	KP	known_oncogenic_residue_change	codon12_C;codon13_V	28
KP_376	KP	known_oncogenic_residue_change	codon12_D;codon13_A	1
KP_376	KP	known_oncogenic_residue_change	codon12_D;codon13_C	1
KP_376	KP	known_oncogenic_residue_change	codon12_D;codon13_D	1
KP_376	KP	known_oncogenic_residue_change	codon12_D;codon13_R	1
KP_376	KP	known_oncogenic_residue_change	codon12_D;codon13_S	2
KP_376	KP	known_oncogenic_residue_change	codon12_D;codon13_V	2
KP_376	KP	known_oncogenic_residue_change	codon12_R;codon13_A	11
KP_376	KP	known_oncogenic_residue_change	codon12_R;codon13_C	11
KP_376	KP	known_oncogenic_residue_change	codon12_R;codon13_D	1
KP_376	KP	known_oncogenic_residue_change	codon12_R;codon13_R	14
KP_376	KP	known_oncogenic_residue_change	codon12_R;codon13_V	111
KP_376	KP	known_oncogenic_residue_change	codon12_S;codon13_A	3
KP_376	KP	known_oncogenic_residue_change	codon12_S;codon13_C	1
KP_376	KP	known_oncogenic_residue_change	codon12_S;codon13_R	1
KP_376	KP	known_oncogenic_residue_change	codon12_S;codon13_S	1
KP_376	KP	known_oncogenic_residue_change	codon12_S;codon13_V	3
KP_376	KP	known_oncogenic_residue_change	codon12_V;codon13_A	350
KP_376	KP	known_oncogenic_residue_change	codon12_V;codon13_C	26
KP_376	KP	known_oncogenic_residue_change	codon12_V;codon13_R	12
KP_376	KP	known_oncogenic_residue_change	codon12_V;codon13_S	1
KP_376	KP	known_oncogenic_residue_change	codon12_V;codon13_V	24
KP_376	KP	known_oncogenic_residue_change	codon13_A	391
KP_376	KP	known_oncogenic_residue_change	codon13_C	588
KP_376	KP	known_oncogenic_residue_change	codon13_D	641
KP_376	KP	known_oncogenic_residue_change	codon13_R	382
KP_376	KP	known_oncogenic_residue_change	codon13_S	789
KP_376	KP	known_oncogenic_residue_change	codon13_V	716
KP_376	KP	missense_unknown_significance	codon12_A	20
KP_376	KP	missense_unknown_significance	codon12_C	2
KP_376	KP	missense_unknown_significance	codon12_D	3
KP_376	KP	missense_unknown_significance	codon12_R	7
KP_376	KP	missense_unknown_significance	codon12_V	19
KP_376	KP	missense_unknown_significance	none_detected	2472
KP_376	KP	stop_gain	codon12_A	2
KP_376	KP	stop_gain	codon12_C	2
KP_376	KP	stop_gain	codon12_R	82
KP_376	KP	stop_gain	codon12_V	1
KP_376	KP	stop_gain	none_detected	55
KP_376	KP	synonymous_noncanonical_codon	codon12_A	42
KP_376	KP	synonymous_noncanonical_codon	codon12_C	32
KP_376	KP	synonymous_noncanonical_codon	codon12_D	9
KP_376	KP	synonymous_noncanonical_codon	codon12_R	24
KP_376	KP	synonymous_noncanonical_codon	codon12_S	4
KP_376	KP	synonymous_noncanonical_codon	codon12_V	37
KP_376	KP	synonymous_noncanonical_codon	none_detected	2700
KP_376	KP	uncallable_indel_or_ambiguous	codon12_A	20
KP_376	KP	uncallable_indel_or_ambiguous	codon12_C	3
KP_376	KP	uncallable_indel_or_ambiguous	codon12_D	2
KP_376	KP	uncallable_indel_or_ambiguous	codon12_R	44
KP_376	KP	uncallable_indel_or_ambiguous	codon12_V	12
KP_376	KP	uncallable_indel_or_ambiguous	none_detected	60259
KP_378	KP	exact_wt_codon	codon12_A	333
KP_378	KP	exact_wt_codon	codon12_C	1764
KP_378	KP	exact_wt_codon	codon12_D	522
KP_378	KP	exact_wt_codon	codon12_R	275
KP_378	KP	exact_wt_codon	codon12_S	824
KP_378	KP	exact_wt_codon	codon12_V	5896
KP_378	KP	exact_wt_codon	none_detected	967267
KP_378	KP	known_oncogenic_residue_change	codon12_A;codon13_A	18
KP_378	KP	known_oncogenic_residue_change	codon12_A;codon13_C	7
KP_378	KP	known_oncogenic_residue_change	codon12_A;codon13_R	13
KP_378	KP	known_oncogenic_residue_change	codon12_A;codon13_S	2
KP_378	KP	known_oncogenic_residue_change	codon12_A;codon13_V	13
KP_378	KP	known_oncogenic_residue_change	codon12_C;codon13_A	4
KP_378	KP	known_oncogenic_residue_change	codon12_C;codon13_C	10
KP_378	KP	known_oncogenic_residue_change	codon12_C;codon13_D	3
KP_378	KP	known_oncogenic_residue_change	codon12_C;codon13_R	15
KP_378	KP	known_oncogenic_residue_change	codon12_C;codon13_S	4
KP_378	KP	known_oncogenic_residue_change	codon12_C;codon13_V	17
KP_378	KP	known_oncogenic_residue_change	codon12_D;codon13_A	1
KP_378	KP	known_oncogenic_residue_change	codon12_D;codon13_C	1
KP_378	KP	known_oncogenic_residue_change	codon12_D;codon13_D	1
KP_378	KP	known_oncogenic_residue_change	codon12_D;codon13_R	2
KP_378	KP	known_oncogenic_residue_change	codon12_D;codon13_S	7
KP_378	KP	known_oncogenic_residue_change	codon12_R;codon13_A	9
KP_378	KP	known_oncogenic_residue_change	codon12_R;codon13_C	9
KP_378	KP	known_oncogenic_residue_change	codon12_R;codon13_R	9
KP_378	KP	known_oncogenic_residue_change	codon12_R;codon13_S	3
KP_378	KP	known_oncogenic_residue_change	codon12_R;codon13_V	7
KP_378	KP	known_oncogenic_residue_change	codon12_S;codon13_A	1
KP_378	KP	known_oncogenic_residue_change	codon12_S;codon13_C	2
KP_378	KP	known_oncogenic_residue_change	codon12_S;codon13_D	1
KP_378	KP	known_oncogenic_residue_change	codon12_S;codon13_R	1
KP_378	KP	known_oncogenic_residue_change	codon12_S;codon13_V	6
KP_378	KP	known_oncogenic_residue_change	codon12_V;codon13_A	182
KP_378	KP	known_oncogenic_residue_change	codon12_V;codon13_C	20
KP_378	KP	known_oncogenic_residue_change	codon12_V;codon13_D	4
KP_378	KP	known_oncogenic_residue_change	codon12_V;codon13_R	8
KP_378	KP	known_oncogenic_residue_change	codon12_V;codon13_S	1
KP_378	KP	known_oncogenic_residue_change	codon12_V;codon13_V	27
KP_378	KP	known_oncogenic_residue_change	codon13_A	355
KP_378	KP	known_oncogenic_residue_change	codon13_C	399
KP_378	KP	known_oncogenic_residue_change	codon13_D	822
KP_378	KP	known_oncogenic_residue_change	codon13_R	297
KP_378	KP	known_oncogenic_residue_change	codon13_S	657
KP_378	KP	known_oncogenic_residue_change	codon13_V	573
KP_378	KP	missense_unknown_significance	codon12_A	31
KP_378	KP	missense_unknown_significance	codon12_C	6
KP_378	KP	missense_unknown_significance	codon12_D	1
KP_378	KP	missense_unknown_significance	codon12_R	6
KP_378	KP	missense_unknown_significance	codon12_S	2
KP_378	KP	missense_unknown_significance	codon12_V	11
KP_378	KP	missense_unknown_significance	none_detected	1803
KP_378	KP	stop_gain	codon12_A	1
KP_378	KP	stop_gain	codon12_C	3
KP_378	KP	stop_gain	codon12_D	1
KP_378	KP	stop_gain	codon12_R	521
KP_378	KP	stop_gain	codon12_S	1
KP_378	KP	stop_gain	codon12_V	4
KP_378	KP	stop_gain	none_detected	27
KP_378	KP	synonymous_noncanonical_codon	codon12_A	25
KP_378	KP	synonymous_noncanonical_codon	codon12_C	26
KP_378	KP	synonymous_noncanonical_codon	codon12_D	7
KP_378	KP	synonymous_noncanonical_codon	codon12_R	11
KP_378	KP	synonymous_noncanonical_codon	codon12_S	5
KP_378	KP	synonymous_noncanonical_codon	codon12_V	36
KP_378	KP	synonymous_noncanonical_codon	none_detected	2419
KP_378	KP	uncallable_indel_or_ambiguous	codon12_A	22
KP_378	KP	uncallable_indel_or_ambiguous	codon12_C	1
KP_378	KP	uncallable_indel_or_ambiguous	codon12_D	8
KP_378	KP	uncallable_indel_or_ambiguous	codon12_R	71
KP_378	KP	uncallable_indel_or_ambiguous	codon12_S	1
KP_378	KP	uncallable_indel_or_ambiguous	codon12_V	8
KP_378	KP	uncallable_indel_or_ambiguous	none_detected	77363
KP_398	KP	exact_wt_codon	codon12_A	357
KP_398	KP	exact_wt_codon	codon12_C	2490
KP_398	KP	exact_wt_codon	codon12_D	1767
KP_398	KP	exact_wt_codon	codon12_R	442
KP_398	KP	exact_wt_codon	codon12_S	1081
KP_398	KP	exact_wt_codon	codon12_V	1908
KP_398	KP	exact_wt_codon	none_detected	1299305
KP_398	KP	known_oncogenic_residue_change	codon12_A;codon13_A	25
KP_398	KP	known_oncogenic_residue_change	codon12_A;codon13_C	13
KP_398	KP	known_oncogenic_residue_change	codon12_A;codon13_D	2
KP_398	KP	known_oncogenic_residue_change	codon12_A;codon13_R	17
KP_398	KP	known_oncogenic_residue_change	codon12_A;codon13_S	11
KP_398	KP	known_oncogenic_residue_change	codon12_A;codon13_V	19
KP_398	KP	known_oncogenic_residue_change	codon12_C;codon13_A	13
KP_398	KP	known_oncogenic_residue_change	codon12_C;codon13_C	21
KP_398	KP	known_oncogenic_residue_change	codon12_C;codon13_D	1
KP_398	KP	known_oncogenic_residue_change	codon12_C;codon13_R	20
KP_398	KP	known_oncogenic_residue_change	codon12_C;codon13_S	3
KP_398	KP	known_oncogenic_residue_change	codon12_C;codon13_V	20
KP_398	KP	known_oncogenic_residue_change	codon12_D;codon13_A	1
KP_398	KP	known_oncogenic_residue_change	codon12_D;codon13_C	1
KP_398	KP	known_oncogenic_residue_change	codon12_D;codon13_R	2
KP_398	KP	known_oncogenic_residue_change	codon12_D;codon13_S	5
KP_398	KP	known_oncogenic_residue_change	codon12_D;codon13_V	1
KP_398	KP	known_oncogenic_residue_change	codon12_R;codon13_A	14
KP_398	KP	known_oncogenic_residue_change	codon12_R;codon13_C	9
KP_398	KP	known_oncogenic_residue_change	codon12_R;codon13_R	13
KP_398	KP	known_oncogenic_residue_change	codon12_R;codon13_S	4
KP_398	KP	known_oncogenic_residue_change	codon12_R;codon13_V	9
KP_398	KP	known_oncogenic_residue_change	codon12_S;codon13_A	2
KP_398	KP	known_oncogenic_residue_change	codon12_S;codon13_C	1
KP_398	KP	known_oncogenic_residue_change	codon12_S;codon13_R	2
KP_398	KP	known_oncogenic_residue_change	codon12_S;codon13_S	1
KP_398	KP	known_oncogenic_residue_change	codon12_V;codon13_A	317
KP_398	KP	known_oncogenic_residue_change	codon12_V;codon13_C	25
KP_398	KP	known_oncogenic_residue_change	codon12_V;codon13_D	2
KP_398	KP	known_oncogenic_residue_change	codon12_V;codon13_R	22
KP_398	KP	known_oncogenic_residue_change	codon12_V;codon13_S	18
KP_398	KP	known_oncogenic_residue_change	codon12_V;codon13_V	35
KP_398	KP	known_oncogenic_residue_change	codon13_A	363
KP_398	KP	known_oncogenic_residue_change	codon13_C	550
KP_398	KP	known_oncogenic_residue_change	codon13_D	1202
KP_398	KP	known_oncogenic_residue_change	codon13_R	387
KP_398	KP	known_oncogenic_residue_change	codon13_S	930
KP_398	KP	known_oncogenic_residue_change	codon13_V	751
KP_398	KP	missense_unknown_significance	codon12_A	20
KP_398	KP	missense_unknown_significance	codon12_C	9
KP_398	KP	missense_unknown_significance	codon12_D	1
KP_398	KP	missense_unknown_significance	codon12_R	4
KP_398	KP	missense_unknown_significance	codon12_S	1
KP_398	KP	missense_unknown_significance	codon12_V	15
KP_398	KP	missense_unknown_significance	none_detected	2933
KP_398	KP	stop_gain	codon12_A	1
KP_398	KP	stop_gain	codon12_C	1
KP_398	KP	stop_gain	codon12_D	1
KP_398	KP	stop_gain	codon12_R	13
KP_398	KP	stop_gain	codon12_V	5
KP_398	KP	stop_gain	none_detected	60
KP_398	KP	synonymous_noncanonical_codon	codon12_A	18
KP_398	KP	synonymous_noncanonical_codon	codon12_C	37
KP_398	KP	synonymous_noncanonical_codon	codon12_D	2
KP_398	KP	synonymous_noncanonical_codon	codon12_R	21
KP_398	KP	synonymous_noncanonical_codon	codon12_S	7
KP_398	KP	synonymous_noncanonical_codon	codon12_V	58
KP_398	KP	synonymous_noncanonical_codon	none_detected	3235
KP_398	KP	uncallable_indel_or_ambiguous	codon12_A	17
KP_398	KP	uncallable_indel_or_ambiguous	codon12_C	2
KP_398	KP	uncallable_indel_or_ambiguous	codon12_D	7
KP_398	KP	uncallable_indel_or_ambiguous	codon12_R	35
KP_398	KP	uncallable_indel_or_ambiguous	codon12_V	7
KP_398	KP	uncallable_indel_or_ambiguous	none_detected	59895
KP_703	KP	exact_wt_codon	codon12_A	323
KP_703	KP	exact_wt_codon	codon12_C	2158
KP_703	KP	exact_wt_codon	codon12_D	511
KP_703	KP	exact_wt_codon	codon12_R	397
KP_703	KP	exact_wt_codon	codon12_S	890
KP_703	KP	exact_wt_codon	codon12_V	3549
KP_703	KP	exact_wt_codon	none_detected	1158731
KP_703	KP	known_oncogenic_residue_change	codon12_A;codon13_A	10
KP_703	KP	known_oncogenic_residue_change	codon12_A;codon13_C	14
KP_703	KP	known_oncogenic_residue_change	codon12_A;codon13_R	21
KP_703	KP	known_oncogenic_residue_change	codon12_A;codon13_S	1
KP_703	KP	known_oncogenic_residue_change	codon12_A;codon13_V	12
KP_703	KP	known_oncogenic_residue_change	codon12_C;codon13_A	13
KP_703	KP	known_oncogenic_residue_change	codon12_C;codon13_C	20
KP_703	KP	known_oncogenic_residue_change	codon12_C;codon13_R	14
KP_703	KP	known_oncogenic_residue_change	codon12_C;codon13_S	2
KP_703	KP	known_oncogenic_residue_change	codon12_C;codon13_V	24
KP_703	KP	known_oncogenic_residue_change	codon12_D;codon13_A	1
KP_703	KP	known_oncogenic_residue_change	codon12_D;codon13_C	2
KP_703	KP	known_oncogenic_residue_change	codon12_D;codon13_D	1
KP_703	KP	known_oncogenic_residue_change	codon12_D;codon13_S	2
KP_703	KP	known_oncogenic_residue_change	codon12_D;codon13_V	1
KP_703	KP	known_oncogenic_residue_change	codon12_R;codon13_A	13
KP_703	KP	known_oncogenic_residue_change	codon12_R;codon13_C	10
KP_703	KP	known_oncogenic_residue_change	codon12_R;codon13_R	18
KP_703	KP	known_oncogenic_residue_change	codon12_R;codon13_S	6
KP_703	KP	known_oncogenic_residue_change	codon12_R;codon13_V	22
KP_703	KP	known_oncogenic_residue_change	codon12_S;codon13_A	1
KP_703	KP	known_oncogenic_residue_change	codon12_S;codon13_C	4
KP_703	KP	known_oncogenic_residue_change	codon12_S;codon13_D	1
KP_703	KP	known_oncogenic_residue_change	codon12_S;codon13_R	2
KP_703	KP	known_oncogenic_residue_change	codon12_S;codon13_S	1
KP_703	KP	known_oncogenic_residue_change	codon12_V;codon13_A	59
KP_703	KP	known_oncogenic_residue_change	codon12_V;codon13_C	26
KP_703	KP	known_oncogenic_residue_change	codon12_V;codon13_D	1
KP_703	KP	known_oncogenic_residue_change	codon12_V;codon13_R	22
KP_703	KP	known_oncogenic_residue_change	codon12_V;codon13_S	1
KP_703	KP	known_oncogenic_residue_change	codon12_V;codon13_V	33
KP_703	KP	known_oncogenic_residue_change	codon13_A	355
KP_703	KP	known_oncogenic_residue_change	codon13_C	511
KP_703	KP	known_oncogenic_residue_change	codon13_D	527
KP_703	KP	known_oncogenic_residue_change	codon13_R	365
KP_703	KP	known_oncogenic_residue_change	codon13_S	703
KP_703	KP	known_oncogenic_residue_change	codon13_V	672
KP_703	KP	missense_unknown_significance	codon12_A	3
KP_703	KP	missense_unknown_significance	codon12_C	1
KP_703	KP	missense_unknown_significance	codon12_D	1
KP_703	KP	missense_unknown_significance	codon12_R	2
KP_703	KP	missense_unknown_significance	codon12_V	6
KP_703	KP	missense_unknown_significance	none_detected	368
KP_703	KP	stop_gain	codon12_A	1
KP_703	KP	stop_gain	codon12_C	5
KP_703	KP	stop_gain	codon12_R	32
KP_703	KP	stop_gain	codon12_V	6
KP_703	KP	stop_gain	none_detected	39
KP_703	KP	synonymous_noncanonical_codon	codon12_A	13
KP_703	KP	synonymous_noncanonical_codon	codon12_C	39
KP_703	KP	synonymous_noncanonical_codon	codon12_D	2
KP_703	KP	synonymous_noncanonical_codon	codon12_R	11
KP_703	KP	synonymous_noncanonical_codon	codon12_S	5
KP_703	KP	synonymous_noncanonical_codon	codon12_V	43
KP_703	KP	synonymous_noncanonical_codon	none_detected	2358
KP_703	KP	uncallable_indel_or_ambiguous	codon12_A	6
KP_703	KP	uncallable_indel_or_ambiguous	codon12_R	7
KP_703	KP	uncallable_indel_or_ambiguous	codon12_V	2
KP_703	KP	uncallable_indel_or_ambiguous	none_detected	6647
KP_751	KP	exact_wt_codon	codon12_A	340
KP_751	KP	exact_wt_codon	codon12_C	1319
KP_751	KP	exact_wt_codon	codon12_D	895
KP_751	KP	exact_wt_codon	codon12_R	357
KP_751	KP	exact_wt_codon	codon12_S	1133
KP_751	KP	exact_wt_codon	codon12_V	3076
KP_751	KP	exact_wt_codon	none_detected	1271774
KP_751	KP	known_oncogenic_residue_change	codon12_A;codon13_A	7
KP_751	KP	known_oncogenic_residue_change	codon12_A;codon13_C	6
KP_751	KP	known_oncogenic_residue_change	codon12_A;codon13_R	13
KP_751	KP	known_oncogenic_residue_change	codon12_A;codon13_V	22
KP_751	KP	known_oncogenic_residue_change	codon12_C;codon13_A	12
KP_751	KP	known_oncogenic_residue_change	codon12_C;codon13_C	13
KP_751	KP	known_oncogenic_residue_change	codon12_C;codon13_D	1
KP_751	KP	known_oncogenic_residue_change	codon12_C;codon13_R	12
KP_751	KP	known_oncogenic_residue_change	codon12_C;codon13_S	4
KP_751	KP	known_oncogenic_residue_change	codon12_C;codon13_V	33
KP_751	KP	known_oncogenic_residue_change	codon12_D;codon13_A	2
KP_751	KP	known_oncogenic_residue_change	codon12_D;codon13_D	11
KP_751	KP	known_oncogenic_residue_change	codon12_D;codon13_S	2
KP_751	KP	known_oncogenic_residue_change	codon12_D;codon13_V	1
KP_751	KP	known_oncogenic_residue_change	codon12_R;codon13_A	6
KP_751	KP	known_oncogenic_residue_change	codon12_R;codon13_C	8
KP_751	KP	known_oncogenic_residue_change	codon12_R;codon13_R	13
KP_751	KP	known_oncogenic_residue_change	codon12_R;codon13_S	1
KP_751	KP	known_oncogenic_residue_change	codon12_R;codon13_V	12
KP_751	KP	known_oncogenic_residue_change	codon12_S;codon13_R	2
KP_751	KP	known_oncogenic_residue_change	codon12_S;codon13_V	3
KP_751	KP	known_oncogenic_residue_change	codon12_V;codon13_A	22
KP_751	KP	known_oncogenic_residue_change	codon12_V;codon13_C	22
KP_751	KP	known_oncogenic_residue_change	codon12_V;codon13_D	1
KP_751	KP	known_oncogenic_residue_change	codon12_V;codon13_R	13
KP_751	KP	known_oncogenic_residue_change	codon12_V;codon13_S	7
KP_751	KP	known_oncogenic_residue_change	codon12_V;codon13_V	27
KP_751	KP	known_oncogenic_residue_change	codon13_A	320
KP_751	KP	known_oncogenic_residue_change	codon13_C	505
KP_751	KP	known_oncogenic_residue_change	codon13_D	998
KP_751	KP	known_oncogenic_residue_change	codon13_R	311
KP_751	KP	known_oncogenic_residue_change	codon13_S	739
KP_751	KP	known_oncogenic_residue_change	codon13_V	671
KP_751	KP	missense_unknown_significance	codon12_A	7
KP_751	KP	missense_unknown_significance	codon12_C	4
KP_751	KP	missense_unknown_significance	codon12_D	2
KP_751	KP	missense_unknown_significance	codon12_V	5
KP_751	KP	missense_unknown_significance	none_detected	124
KP_751	KP	stop_gain	codon12_A	3
KP_751	KP	stop_gain	codon12_C	3
KP_751	KP	stop_gain	codon12_R	2
KP_751	KP	stop_gain	codon12_V	6
KP_751	KP	stop_gain	none_detected	33
KP_751	KP	synonymous_noncanonical_codon	codon12_A	12
KP_751	KP	synonymous_noncanonical_codon	codon12_C	37
KP_751	KP	synonymous_noncanonical_codon	codon12_D	2
KP_751	KP	synonymous_noncanonical_codon	codon12_R	13
KP_751	KP	synonymous_noncanonical_codon	codon12_S	2
KP_751	KP	synonymous_noncanonical_codon	codon12_V	32
KP_751	KP	synonymous_noncanonical_codon	none_detected	2404
KP_751	KP	uncallable_indel_or_ambiguous	codon12_A	2
KP_751	KP	uncallable_indel_or_ambiguous	codon12_D	4
KP_751	KP	uncallable_indel_or_ambiguous	codon12_R	2
KP_751	KP	uncallable_indel_or_ambiguous	codon12_V	2
KP_751	KP	uncallable_indel_or_ambiguous	none_detected	5413
KP_768	KP	exact_wt_codon	codon12_A	327
KP_768	KP	exact_wt_codon	codon12_C	1890
KP_768	KP	exact_wt_codon	codon12_D	855
KP_768	KP	exact_wt_codon	codon12_R	444
KP_768	KP	exact_wt_codon	codon12_S	1056
KP_768	KP	exact_wt_codon	codon12_V	1364
KP_768	KP	exact_wt_codon	none_detected	1125569
KP_768	KP	known_oncogenic_residue_change	codon12_A;codon13_A	13
KP_768	KP	known_oncogenic_residue_change	codon12_A;codon13_C	12
KP_768	KP	known_oncogenic_residue_change	codon12_A;codon13_R	16
KP_768	KP	known_oncogenic_residue_change	codon12_A;codon13_S	4
KP_768	KP	known_oncogenic_residue_change	codon12_A;codon13_V	14
KP_768	KP	known_oncogenic_residue_change	codon12_C;codon13_A	11
KP_768	KP	known_oncogenic_residue_change	codon12_C;codon13_C	19
KP_768	KP	known_oncogenic_residue_change	codon12_C;codon13_D	3
KP_768	KP	known_oncogenic_residue_change	codon12_C;codon13_R	13
KP_768	KP	known_oncogenic_residue_change	codon12_C;codon13_S	3
KP_768	KP	known_oncogenic_residue_change	codon12_C;codon13_V	30
KP_768	KP	known_oncogenic_residue_change	codon12_D;codon13_C	2
KP_768	KP	known_oncogenic_residue_change	codon12_D;codon13_S	1
KP_768	KP	known_oncogenic_residue_change	codon12_R;codon13_A	14
KP_768	KP	known_oncogenic_residue_change	codon12_R;codon13_C	8
KP_768	KP	known_oncogenic_residue_change	codon12_R;codon13_D	2
KP_768	KP	known_oncogenic_residue_change	codon12_R;codon13_R	9
KP_768	KP	known_oncogenic_residue_change	codon12_R;codon13_S	3
KP_768	KP	known_oncogenic_residue_change	codon12_R;codon13_V	11
KP_768	KP	known_oncogenic_residue_change	codon12_S;codon13_A	2
KP_768	KP	known_oncogenic_residue_change	codon12_S;codon13_C	4
KP_768	KP	known_oncogenic_residue_change	codon12_S;codon13_D	1
KP_768	KP	known_oncogenic_residue_change	codon12_S;codon13_R	6
KP_768	KP	known_oncogenic_residue_change	codon12_S;codon13_S	1
KP_768	KP	known_oncogenic_residue_change	codon12_S;codon13_V	2
KP_768	KP	known_oncogenic_residue_change	codon12_V;codon13_A	91
KP_768	KP	known_oncogenic_residue_change	codon12_V;codon13_C	35
KP_768	KP	known_oncogenic_residue_change	codon12_V;codon13_D	1
KP_768	KP	known_oncogenic_residue_change	codon12_V;codon13_R	14
KP_768	KP	known_oncogenic_residue_change	codon12_V;codon13_S	1
KP_768	KP	known_oncogenic_residue_change	codon12_V;codon13_V	47
KP_768	KP	known_oncogenic_residue_change	codon13_A	386
KP_768	KP	known_oncogenic_residue_change	codon13_C	547
KP_768	KP	known_oncogenic_residue_change	codon13_D	1156
KP_768	KP	known_oncogenic_residue_change	codon13_R	418
KP_768	KP	known_oncogenic_residue_change	codon13_S	629
KP_768	KP	known_oncogenic_residue_change	codon13_V	744
KP_768	KP	missense_unknown_significance	codon12_A	5
KP_768	KP	missense_unknown_significance	codon12_C	2
KP_768	KP	missense_unknown_significance	codon12_R	6
KP_768	KP	missense_unknown_significance	codon12_V	4
KP_768	KP	missense_unknown_significance	none_detected	634
KP_768	KP	stop_gain	codon12_A	3
KP_768	KP	stop_gain	codon12_C	5
KP_768	KP	stop_gain	codon12_R	13
KP_768	KP	stop_gain	codon12_V	6
KP_768	KP	stop_gain	none_detected	39
KP_768	KP	synonymous_noncanonical_codon	codon12_A	20
KP_768	KP	synonymous_noncanonical_codon	codon12_C	41
KP_768	KP	synonymous_noncanonical_codon	codon12_D	3
KP_768	KP	synonymous_noncanonical_codon	codon12_R	19
KP_768	KP	synonymous_noncanonical_codon	codon12_S	3
KP_768	KP	synonymous_noncanonical_codon	codon12_V	42
KP_768	KP	synonymous_noncanonical_codon	none_detected	2535
KP_768	KP	uncallable_indel_or_ambiguous	codon12_A	6
KP_768	KP	uncallable_indel_or_ambiguous	codon12_R	3
KP_768	KP	uncallable_indel_or_ambiguous	codon12_V	1
KP_768	KP	uncallable_indel_or_ambiguous	none_detected	6854
KP_811	KP	exact_wt_codon	codon12_A	397
KP_811	KP	exact_wt_codon	codon12_C	2143
KP_811	KP	exact_wt_codon	codon12_D	1675
KP_811	KP	exact_wt_codon	codon12_R	448
KP_811	KP	exact_wt_codon	codon12_S	1575
KP_811	KP	exact_wt_codon	codon12_V	2917
KP_811	KP	exact_wt_codon	none_detected	1075394
KP_811	KP	known_oncogenic_residue_change	codon12_A;codon13_A	23
KP_811	KP	known_oncogenic_residue_change	codon12_A;codon13_C	10
KP_811	KP	known_oncogenic_residue_change	codon12_A;codon13_R	23
KP_811	KP	known_oncogenic_residue_change	codon12_A;codon13_S	3
KP_811	KP	known_oncogenic_residue_change	codon12_A;codon13_V	16
KP_811	KP	known_oncogenic_residue_change	codon12_C;codon13_A	15
KP_811	KP	known_oncogenic_residue_change	codon12_C;codon13_C	25
KP_811	KP	known_oncogenic_residue_change	codon12_C;codon13_R	13
KP_811	KP	known_oncogenic_residue_change	codon12_C;codon13_S	12
KP_811	KP	known_oncogenic_residue_change	codon12_C;codon13_V	27
KP_811	KP	known_oncogenic_residue_change	codon12_D;codon13_A	3
KP_811	KP	known_oncogenic_residue_change	codon12_D;codon13_C	1
KP_811	KP	known_oncogenic_residue_change	codon12_D;codon13_D	1
KP_811	KP	known_oncogenic_residue_change	codon12_D;codon13_R	1
KP_811	KP	known_oncogenic_residue_change	codon12_D;codon13_S	6
KP_811	KP	known_oncogenic_residue_change	codon12_D;codon13_V	2
KP_811	KP	known_oncogenic_residue_change	codon12_R;codon13_A	7
KP_811	KP	known_oncogenic_residue_change	codon12_R;codon13_C	8
KP_811	KP	known_oncogenic_residue_change	codon12_R;codon13_D	1
KP_811	KP	known_oncogenic_residue_change	codon12_R;codon13_R	11
KP_811	KP	known_oncogenic_residue_change	codon12_R;codon13_S	2
KP_811	KP	known_oncogenic_residue_change	codon12_R;codon13_V	20
KP_811	KP	known_oncogenic_residue_change	codon12_S;codon13_A	2
KP_811	KP	known_oncogenic_residue_change	codon12_S;codon13_C	4
KP_811	KP	known_oncogenic_residue_change	codon12_S;codon13_D	1
KP_811	KP	known_oncogenic_residue_change	codon12_S;codon13_R	1
KP_811	KP	known_oncogenic_residue_change	codon12_S;codon13_S	2
KP_811	KP	known_oncogenic_residue_change	codon12_S;codon13_V	5
KP_811	KP	known_oncogenic_residue_change	codon12_V;codon13_A	163
KP_811	KP	known_oncogenic_residue_change	codon12_V;codon13_C	27
KP_811	KP	known_oncogenic_residue_change	codon12_V;codon13_D	2
KP_811	KP	known_oncogenic_residue_change	codon12_V;codon13_R	18
KP_811	KP	known_oncogenic_residue_change	codon12_V;codon13_S	3
KP_811	KP	known_oncogenic_residue_change	codon12_V;codon13_V	33
KP_811	KP	known_oncogenic_residue_change	codon13_A	400
KP_811	KP	known_oncogenic_residue_change	codon13_C	503
KP_811	KP	known_oncogenic_residue_change	codon13_D	627
KP_811	KP	known_oncogenic_residue_change	codon13_R	433
KP_811	KP	known_oncogenic_residue_change	codon13_S	878
KP_811	KP	known_oncogenic_residue_change	codon13_V	814
KP_811	KP	missense_unknown_significance	codon12_A	19
KP_811	KP	missense_unknown_significance	codon12_C	5
KP_811	KP	missense_unknown_significance	codon12_R	3
KP_811	KP	missense_unknown_significance	codon12_S	1
KP_811	KP	missense_unknown_significance	codon12_V	8
KP_811	KP	missense_unknown_significance	none_detected	1663
KP_811	KP	stop_gain	codon12_A	4
KP_811	KP	stop_gain	codon12_C	5
KP_811	KP	stop_gain	codon12_R	70
KP_811	KP	stop_gain	codon12_V	7
KP_811	KP	stop_gain	none_detected	42
KP_811	KP	synonymous_noncanonical_codon	codon12_A	35
KP_811	KP	synonymous_noncanonical_codon	codon12_C	40
KP_811	KP	synonymous_noncanonical_codon	codon12_D	11
KP_811	KP	synonymous_noncanonical_codon	codon12_R	14
KP_811	KP	synonymous_noncanonical_codon	codon12_S	5
KP_811	KP	synonymous_noncanonical_codon	codon12_V	39
KP_811	KP	synonymous_noncanonical_codon	none_detected	3110
KP_811	KP	uncallable_indel_or_ambiguous	codon12_A	27
KP_811	KP	uncallable_indel_or_ambiguous	codon12_D	4
KP_811	KP	uncallable_indel_or_ambiguous	codon12_R	23
KP_811	KP	uncallable_indel_or_ambiguous	codon12_S	1
KP_811	KP	uncallable_indel_or_ambiguous	codon12_V	4
KP_811	KP	uncallable_indel_or_ambiguous	none_detected	39742
KP_848	KP	exact_wt_codon	codon12_A	356
KP_848	KP	exact_wt_codon	codon12_C	2233
KP_848	KP	exact_wt_codon	codon12_D	638
KP_848	KP	exact_wt_codon	codon12_R	394
KP_848	KP	exact_wt_codon	codon12_S	1347
KP_848	KP	exact_wt_codon	codon12_V	2700
KP_848	KP	exact_wt_codon	none_detected	1218565
KP_848	KP	known_oncogenic_residue_change	codon12_A;codon13_A	10
KP_848	KP	known_oncogenic_residue_change	codon12_A;codon13_C	8
KP_848	KP	known_oncogenic_residue_change	codon12_A;codon13_D	2
KP_848	KP	known_oncogenic_residue_change	codon12_A;codon13_R	7
KP_848	KP	known_oncogenic_residue_change	codon12_A;codon13_S	3
KP_848	KP	known_oncogenic_residue_change	codon12_A;codon13_V	13
KP_848	KP	known_oncogenic_residue_change	codon12_C;codon13_A	8
KP_848	KP	known_oncogenic_residue_change	codon12_C;codon13_C	12
KP_848	KP	known_oncogenic_residue_change	codon12_C;codon13_D	2
KP_848	KP	known_oncogenic_residue_change	codon12_C;codon13_R	13
KP_848	KP	known_oncogenic_residue_change	codon12_C;codon13_S	10
KP_848	KP	known_oncogenic_residue_change	codon12_C;codon13_V	26
KP_848	KP	known_oncogenic_residue_change	codon12_D;codon13_A	1
KP_848	KP	known_oncogenic_residue_change	codon12_D;codon13_C	1
KP_848	KP	known_oncogenic_residue_change	codon12_D;codon13_D	6
KP_848	KP	known_oncogenic_residue_change	codon12_D;codon13_R	1
KP_848	KP	known_oncogenic_residue_change	codon12_D;codon13_S	16
KP_848	KP	known_oncogenic_residue_change	codon12_R;codon13_A	26
KP_848	KP	known_oncogenic_residue_change	codon12_R;codon13_C	17
KP_848	KP	known_oncogenic_residue_change	codon12_R;codon13_R	7
KP_848	KP	known_oncogenic_residue_change	codon12_R;codon13_S	12
KP_848	KP	known_oncogenic_residue_change	codon12_R;codon13_V	11
KP_848	KP	known_oncogenic_residue_change	codon12_S;codon13_A	2
KP_848	KP	known_oncogenic_residue_change	codon12_S;codon13_C	3
KP_848	KP	known_oncogenic_residue_change	codon12_S;codon13_D	2
KP_848	KP	known_oncogenic_residue_change	codon12_S;codon13_S	2
KP_848	KP	known_oncogenic_residue_change	codon12_S;codon13_V	6
KP_848	KP	known_oncogenic_residue_change	codon12_V;codon13_A	383
KP_848	KP	known_oncogenic_residue_change	codon12_V;codon13_C	26
KP_848	KP	known_oncogenic_residue_change	codon12_V;codon13_D	2
KP_848	KP	known_oncogenic_residue_change	codon12_V;codon13_R	9
KP_848	KP	known_oncogenic_residue_change	codon12_V;codon13_S	6
KP_848	KP	known_oncogenic_residue_change	codon12_V;codon13_V	36
KP_848	KP	known_oncogenic_residue_change	codon13_A	471
KP_848	KP	known_oncogenic_residue_change	codon13_C	520
KP_848	KP	known_oncogenic_residue_change	codon13_D	1137
KP_848	KP	known_oncogenic_residue_change	codon13_R	345
KP_848	KP	known_oncogenic_residue_change	codon13_S	713
KP_848	KP	known_oncogenic_residue_change	codon13_V	776
KP_848	KP	missense_unknown_significance	codon12_A	28
KP_848	KP	missense_unknown_significance	codon12_C	5
KP_848	KP	missense_unknown_significance	codon12_D	3
KP_848	KP	missense_unknown_significance	codon12_R	47
KP_848	KP	missense_unknown_significance	codon12_S	2
KP_848	KP	missense_unknown_significance	codon12_V	21
KP_848	KP	missense_unknown_significance	none_detected	2698
KP_848	KP	stop_gain	codon12_A	2
KP_848	KP	stop_gain	codon12_C	2
KP_848	KP	stop_gain	codon12_R	96
KP_848	KP	stop_gain	codon12_S	1
KP_848	KP	stop_gain	codon12_V	5
KP_848	KP	stop_gain	none_detected	34
KP_848	KP	synonymous_noncanonical_codon	codon12_A	20
KP_848	KP	synonymous_noncanonical_codon	codon12_C	45
KP_848	KP	synonymous_noncanonical_codon	codon12_D	2
KP_848	KP	synonymous_noncanonical_codon	codon12_R	18
KP_848	KP	synonymous_noncanonical_codon	codon12_S	4
KP_848	KP	synonymous_noncanonical_codon	codon12_V	39
KP_848	KP	synonymous_noncanonical_codon	none_detected	2913
KP_848	KP	uncallable_indel_or_ambiguous	codon12_A	6
KP_848	KP	uncallable_indel_or_ambiguous	codon12_C	2
KP_848	KP	uncallable_indel_or_ambiguous	codon12_D	8
KP_848	KP	uncallable_indel_or_ambiguous	codon12_R	31
KP_848	KP	uncallable_indel_or_ambiguous	codon12_V	14
KP_848	KP	uncallable_indel_or_ambiguous	none_detected	69684
KP_850	KP	exact_wt_codon	codon12_A	396
KP_850	KP	exact_wt_codon	codon12_C	2188
KP_850	KP	exact_wt_codon	codon12_D	545
KP_850	KP	exact_wt_codon	codon12_R	428
KP_850	KP	exact_wt_codon	codon12_S	1575
KP_850	KP	exact_wt_codon	codon12_V	1989
KP_850	KP	exact_wt_codon	none_detected	1122023
KP_850	KP	known_oncogenic_residue_change	codon12_A;codon13_A	19
KP_850	KP	known_oncogenic_residue_change	codon12_A;codon13_C	10
KP_850	KP	known_oncogenic_residue_change	codon12_A;codon13_R	20
KP_850	KP	known_oncogenic_residue_change	codon12_A;codon13_S	1
KP_850	KP	known_oncogenic_residue_change	codon12_A;codon13_V	16
KP_850	KP	known_oncogenic_residue_change	codon12_C;codon13_A	8
KP_850	KP	known_oncogenic_residue_change	codon12_C;codon13_C	28
KP_850	KP	known_oncogenic_residue_change	codon12_C;codon13_D	1
KP_850	KP	known_oncogenic_residue_change	codon12_C;codon13_R	21
KP_850	KP	known_oncogenic_residue_change	codon12_C;codon13_S	3
KP_850	KP	known_oncogenic_residue_change	codon12_C;codon13_V	34
KP_850	KP	known_oncogenic_residue_change	codon12_D;codon13_A	4
KP_850	KP	known_oncogenic_residue_change	codon12_D;codon13_R	3
KP_850	KP	known_oncogenic_residue_change	codon12_D;codon13_S	11
KP_850	KP	known_oncogenic_residue_change	codon12_D;codon13_V	2
KP_850	KP	known_oncogenic_residue_change	codon12_R;codon13_A	14
KP_850	KP	known_oncogenic_residue_change	codon12_R;codon13_C	13
KP_850	KP	known_oncogenic_residue_change	codon12_R;codon13_R	18
KP_850	KP	known_oncogenic_residue_change	codon12_R;codon13_S	10
KP_850	KP	known_oncogenic_residue_change	codon12_R;codon13_V	42
KP_850	KP	known_oncogenic_residue_change	codon12_S;codon13_A	2
KP_850	KP	known_oncogenic_residue_change	codon12_S;codon13_C	3
KP_850	KP	known_oncogenic_residue_change	codon12_S;codon13_D	1
KP_850	KP	known_oncogenic_residue_change	codon12_S;codon13_R	4
KP_850	KP	known_oncogenic_residue_change	codon12_S;codon13_S	1
KP_850	KP	known_oncogenic_residue_change	codon12_S;codon13_V	7
KP_850	KP	known_oncogenic_residue_change	codon12_V;codon13_A	71
KP_850	KP	known_oncogenic_residue_change	codon12_V;codon13_C	32
KP_850	KP	known_oncogenic_residue_change	codon12_V;codon13_D	1
KP_850	KP	known_oncogenic_residue_change	codon12_V;codon13_R	15
KP_850	KP	known_oncogenic_residue_change	codon12_V;codon13_S	4
KP_850	KP	known_oncogenic_residue_change	codon12_V;codon13_V	52
KP_850	KP	known_oncogenic_residue_change	codon13_A	402
KP_850	KP	known_oncogenic_residue_change	codon13_C	631
KP_850	KP	known_oncogenic_residue_change	codon13_D	684
KP_850	KP	known_oncogenic_residue_change	codon13_R	414
KP_850	KP	known_oncogenic_residue_change	codon13_S	726
KP_850	KP	known_oncogenic_residue_change	codon13_V	801
KP_850	KP	missense_unknown_significance	codon12_A	14
KP_850	KP	missense_unknown_significance	codon12_C	14
KP_850	KP	missense_unknown_significance	codon12_R	5
KP_850	KP	missense_unknown_significance	codon12_V	8
KP_850	KP	missense_unknown_significance	none_detected	1057
KP_850	KP	stop_gain	codon12_A	1
KP_850	KP	stop_gain	codon12_C	2
KP_850	KP	stop_gain	codon12_R	14
KP_850	KP	stop_gain	codon12_V	5
KP_850	KP	stop_gain	none_detected	48
KP_850	KP	synonymous_noncanonical_codon	codon12_A	30
KP_850	KP	synonymous_noncanonical_codon	codon12_C	58
KP_850	KP	synonymous_noncanonical_codon	codon12_D	10
KP_850	KP	synonymous_noncanonical_codon	codon12_R	34
KP_850	KP	synonymous_noncanonical_codon	codon12_S	1
KP_850	KP	synonymous_noncanonical_codon	codon12_V	47
KP_850	KP	synonymous_noncanonical_codon	none_detected	2632
KP_850	KP	uncallable_indel_or_ambiguous	codon12_A	4
KP_850	KP	uncallable_indel_or_ambiguous	codon12_C	1
KP_850	KP	uncallable_indel_or_ambiguous	codon12_D	1
KP_850	KP	uncallable_indel_or_ambiguous	codon12_R	10
KP_850	KP	uncallable_indel_or_ambiguous	codon12_V	4
KP_850	KP	uncallable_indel_or_ambiguous	none_detected	13313
KP_875	KP	exact_wt_codon	codon12_A	577
KP_875	KP	exact_wt_codon	codon12_C	2779
KP_875	KP	exact_wt_codon	codon12_D	2475
KP_875	KP	exact_wt_codon	codon12_R	621
KP_875	KP	exact_wt_codon	codon12_S	1511
KP_875	KP	exact_wt_codon	codon12_V	1508
KP_875	KP	exact_wt_codon	none_detected	1641400
KP_875	KP	known_oncogenic_residue_change	codon12_A;codon13_A	24
KP_875	KP	known_oncogenic_residue_change	codon12_A;codon13_C	14
KP_875	KP	known_oncogenic_residue_change	codon12_A;codon13_R	25
KP_875	KP	known_oncogenic_residue_change	codon12_A;codon13_S	3
KP_875	KP	known_oncogenic_residue_change	codon12_A;codon13_V	20
KP_875	KP	known_oncogenic_residue_change	codon12_C;codon13_A	16
KP_875	KP	known_oncogenic_residue_change	codon12_C;codon13_C	23
KP_875	KP	known_oncogenic_residue_change	codon12_C;codon13_D	1
KP_875	KP	known_oncogenic_residue_change	codon12_C;codon13_R	24
KP_875	KP	known_oncogenic_residue_change	codon12_C;codon13_S	2
KP_875	KP	known_oncogenic_residue_change	codon12_C;codon13_V	44
KP_875	KP	known_oncogenic_residue_change	codon12_D;codon13_C	1
KP_875	KP	known_oncogenic_residue_change	codon12_D;codon13_R	2
KP_875	KP	known_oncogenic_residue_change	codon12_D;codon13_S	1
KP_875	KP	known_oncogenic_residue_change	codon12_R;codon13_A	21
KP_875	KP	known_oncogenic_residue_change	codon12_R;codon13_C	10
KP_875	KP	known_oncogenic_residue_change	codon12_R;codon13_R	20
KP_875	KP	known_oncogenic_residue_change	codon12_R;codon13_S	2
KP_875	KP	known_oncogenic_residue_change	codon12_R;codon13_V	38
KP_875	KP	known_oncogenic_residue_change	codon12_S;codon13_A	1
KP_875	KP	known_oncogenic_residue_change	codon12_S;codon13_C	3
KP_875	KP	known_oncogenic_residue_change	codon12_S;codon13_R	2
KP_875	KP	known_oncogenic_residue_change	codon12_S;codon13_V	4
KP_875	KP	known_oncogenic_residue_change	codon12_V;codon13_A	59
KP_875	KP	known_oncogenic_residue_change	codon12_V;codon13_C	37
KP_875	KP	known_oncogenic_residue_change	codon12_V;codon13_D	1
KP_875	KP	known_oncogenic_residue_change	codon12_V;codon13_R	26
KP_875	KP	known_oncogenic_residue_change	codon12_V;codon13_S	7
KP_875	KP	known_oncogenic_residue_change	codon12_V;codon13_V	44
KP_875	KP	known_oncogenic_residue_change	codon13_A	568
KP_875	KP	known_oncogenic_residue_change	codon13_C	772
KP_875	KP	known_oncogenic_residue_change	codon13_D	791
KP_875	KP	known_oncogenic_residue_change	codon13_R	601
KP_875	KP	known_oncogenic_residue_change	codon13_S	985
KP_875	KP	known_oncogenic_residue_change	codon13_V	1110
KP_875	KP	missense_unknown_significance	codon12_A	13
KP_875	KP	missense_unknown_significance	codon12_C	6
KP_875	KP	missense_unknown_significance	codon12_R	6
KP_875	KP	missense_unknown_significance	codon12_S	2
KP_875	KP	missense_unknown_significance	codon12_V	12
KP_875	KP	missense_unknown_significance	none_detected	566
KP_875	KP	stop_gain	codon12_A	2
KP_875	KP	stop_gain	codon12_C	8
KP_875	KP	stop_gain	codon12_R	15
KP_875	KP	stop_gain	codon12_S	1
KP_875	KP	stop_gain	codon12_V	4
KP_875	KP	stop_gain	none_detected	61
KP_875	KP	synonymous_noncanonical_codon	codon12_A	23
KP_875	KP	synonymous_noncanonical_codon	codon12_C	56
KP_875	KP	synonymous_noncanonical_codon	codon12_D	5
KP_875	KP	synonymous_noncanonical_codon	codon12_R	29
KP_875	KP	synonymous_noncanonical_codon	codon12_S	16
KP_875	KP	synonymous_noncanonical_codon	codon12_V	54
KP_875	KP	synonymous_noncanonical_codon	none_detected	3778
KP_875	KP	uncallable_indel_or_ambiguous	codon12_A	8
KP_875	KP	uncallable_indel_or_ambiguous	codon12_D	1
KP_875	KP	uncallable_indel_or_ambiguous	codon12_R	1
KP_875	KP	uncallable_indel_or_ambiguous	codon12_V	1
KP_875	KP	uncallable_indel_or_ambiguous	none_detected	6610
Normal_458	Normal	exact_wt_codon	codon12_A	228
Normal_458	Normal	exact_wt_codon	codon12_C	1254
Normal_458	Normal	exact_wt_codon	codon12_D	668
Normal_458	Normal	exact_wt_codon	codon12_R	240
Normal_458	Normal	exact_wt_codon	codon12_S	657
Normal_458	Normal	exact_wt_codon	codon12_V	2694
Normal_458	Normal	exact_wt_codon	none_detected	736164
Normal_458	Normal	known_oncogenic_residue_change	codon12_A;codon13_A	7
Normal_458	Normal	known_oncogenic_residue_change	codon12_A;codon13_C	7
Normal_458	Normal	known_oncogenic_residue_change	codon12_A;codon13_D	1
Normal_458	Normal	known_oncogenic_residue_change	codon12_A;codon13_R	13
Normal_458	Normal	known_oncogenic_residue_change	codon12_A;codon13_S	3
Normal_458	Normal	known_oncogenic_residue_change	codon12_A;codon13_V	9
Normal_458	Normal	known_oncogenic_residue_change	codon12_C;codon13_A	10
Normal_458	Normal	known_oncogenic_residue_change	codon12_C;codon13_C	11
Normal_458	Normal	known_oncogenic_residue_change	codon12_C;codon13_R	7
Normal_458	Normal	known_oncogenic_residue_change	codon12_C;codon13_S	2
Normal_458	Normal	known_oncogenic_residue_change	codon12_C;codon13_V	18
Normal_458	Normal	known_oncogenic_residue_change	codon12_D;codon13_D	1
Normal_458	Normal	known_oncogenic_residue_change	codon12_D;codon13_R	1
Normal_458	Normal	known_oncogenic_residue_change	codon12_D;codon13_S	13
Normal_458	Normal	known_oncogenic_residue_change	codon12_D;codon13_V	4
Normal_458	Normal	known_oncogenic_residue_change	codon12_R;codon13_A	5
Normal_458	Normal	known_oncogenic_residue_change	codon12_R;codon13_C	2
Normal_458	Normal	known_oncogenic_residue_change	codon12_R;codon13_R	9
Normal_458	Normal	known_oncogenic_residue_change	codon12_R;codon13_S	2
Normal_458	Normal	known_oncogenic_residue_change	codon12_R;codon13_V	18
Normal_458	Normal	known_oncogenic_residue_change	codon12_S;codon13_A	2
Normal_458	Normal	known_oncogenic_residue_change	codon12_S;codon13_D	2
Normal_458	Normal	known_oncogenic_residue_change	codon12_S;codon13_R	9
Normal_458	Normal	known_oncogenic_residue_change	codon12_S;codon13_S	2
Normal_458	Normal	known_oncogenic_residue_change	codon12_S;codon13_V	1
Normal_458	Normal	known_oncogenic_residue_change	codon12_V;codon13_A	380
Normal_458	Normal	known_oncogenic_residue_change	codon12_V;codon13_C	19
Normal_458	Normal	known_oncogenic_residue_change	codon12_V;codon13_D	1
Normal_458	Normal	known_oncogenic_residue_change	codon12_V;codon13_R	6
Normal_458	Normal	known_oncogenic_residue_change	codon12_V;codon13_S	2
Normal_458	Normal	known_oncogenic_residue_change	codon12_V;codon13_V	33
Normal_458	Normal	known_oncogenic_residue_change	codon13_A	363
Normal_458	Normal	known_oncogenic_residue_change	codon13_C	345
Normal_458	Normal	known_oncogenic_residue_change	codon13_D	570
Normal_458	Normal	known_oncogenic_residue_change	codon13_R	246
Normal_458	Normal	known_oncogenic_residue_change	codon13_S	739
Normal_458	Normal	known_oncogenic_residue_change	codon13_V	542
Normal_458	Normal	missense_unknown_significance	codon12_A	52
Normal_458	Normal	missense_unknown_significance	codon12_C	1
Normal_458	Normal	missense_unknown_significance	codon12_D	2
Normal_458	Normal	missense_unknown_significance	codon12_R	3
Normal_458	Normal	missense_unknown_significance	codon12_S	1
Normal_458	Normal	missense_unknown_significance	codon12_V	5
Normal_458	Normal	missense_unknown_significance	none_detected	3198
Normal_458	Normal	stop_gain	codon12_D	1
Normal_458	Normal	stop_gain	codon12_R	152
Normal_458	Normal	stop_gain	codon12_V	3
Normal_458	Normal	stop_gain	none_detected	40
Normal_458	Normal	synonymous_noncanonical_codon	codon12_A	14
Normal_458	Normal	synonymous_noncanonical_codon	codon12_C	26
Normal_458	Normal	synonymous_noncanonical_codon	codon12_D	7
Normal_458	Normal	synonymous_noncanonical_codon	codon12_R	16
Normal_458	Normal	synonymous_noncanonical_codon	codon12_S	2
Normal_458	Normal	synonymous_noncanonical_codon	codon12_V	29
Normal_458	Normal	synonymous_noncanonical_codon	none_detected	2646
Normal_458	Normal	uncallable_indel_or_ambiguous	codon12_A	42
Normal_458	Normal	uncallable_indel_or_ambiguous	codon12_C	1
Normal_458	Normal	uncallable_indel_or_ambiguous	codon12_D	4
Normal_458	Normal	uncallable_indel_or_ambiguous	codon12_R	144
Normal_458	Normal	uncallable_indel_or_ambiguous	codon12_S	1
Normal_458	Normal	uncallable_indel_or_ambiguous	codon12_V	26
Normal_458	Normal	uncallable_indel_or_ambiguous	none_detected	174620
Normal_460	Normal	exact_wt_codon	codon12_A	373
Normal_460	Normal	exact_wt_codon	codon12_C	1987
Normal_460	Normal	exact_wt_codon	codon12_D	1499
Normal_460	Normal	exact_wt_codon	codon12_R	450
Normal_460	Normal	exact_wt_codon	codon12_S	1602
Normal_460	Normal	exact_wt_codon	codon12_V	1560
Normal_460	Normal	exact_wt_codon	none_detected	1310340
Normal_460	Normal	known_oncogenic_residue_change	codon12_A;codon13_A	19
Normal_460	Normal	known_oncogenic_residue_change	codon12_A;codon13_C	14
Normal_460	Normal	known_oncogenic_residue_change	codon12_A;codon13_D	3
Normal_460	Normal	known_oncogenic_residue_change	codon12_A;codon13_R	18
Normal_460	Normal	known_oncogenic_residue_change	codon12_A;codon13_S	3
Normal_460	Normal	known_oncogenic_residue_change	codon12_A;codon13_V	10
Normal_460	Normal	known_oncogenic_residue_change	codon12_C;codon13_A	11
Normal_460	Normal	known_oncogenic_residue_change	codon12_C;codon13_C	25
Normal_460	Normal	known_oncogenic_residue_change	codon12_C;codon13_R	16
Normal_460	Normal	known_oncogenic_residue_change	codon12_C;codon13_S	2
Normal_460	Normal	known_oncogenic_residue_change	codon12_C;codon13_V	33
Normal_460	Normal	known_oncogenic_residue_change	codon12_D;codon13_C	2
Normal_460	Normal	known_oncogenic_residue_change	codon12_D;codon13_D	1
Normal_460	Normal	known_oncogenic_residue_change	codon12_D;codon13_R	3
Normal_460	Normal	known_oncogenic_residue_change	codon12_D;codon13_S	10
Normal_460	Normal	known_oncogenic_residue_change	codon12_R;codon13_A	15
Normal_460	Normal	known_oncogenic_residue_change	codon12_R;codon13_C	9
Normal_460	Normal	known_oncogenic_residue_change	codon12_R;codon13_R	14
Normal_460	Normal	known_oncogenic_residue_change	codon12_R;codon13_S	9
Normal_460	Normal	known_oncogenic_residue_change	codon12_R;codon13_V	11
Normal_460	Normal	known_oncogenic_residue_change	codon12_S;codon13_C	3
Normal_460	Normal	known_oncogenic_residue_change	codon12_S;codon13_D	1
Normal_460	Normal	known_oncogenic_residue_change	codon12_S;codon13_R	1
Normal_460	Normal	known_oncogenic_residue_change	codon12_S;codon13_S	1
Normal_460	Normal	known_oncogenic_residue_change	codon12_S;codon13_V	1
Normal_460	Normal	known_oncogenic_residue_change	codon12_V;codon13_A	208
Normal_460	Normal	known_oncogenic_residue_change	codon12_V;codon13_C	32
Normal_460	Normal	known_oncogenic_residue_change	codon12_V;codon13_D	2
Normal_460	Normal	known_oncogenic_residue_change	codon12_V;codon13_R	15
Normal_460	Normal	known_oncogenic_residue_change	codon12_V;codon13_S	4
Normal_460	Normal	known_oncogenic_residue_change	codon12_V;codon13_V	32
Normal_460	Normal	known_oncogenic_residue_change	codon13_A	369
Normal_460	Normal	known_oncogenic_residue_change	codon13_C	617
Normal_460	Normal	known_oncogenic_residue_change	codon13_D	642
Normal_460	Normal	known_oncogenic_residue_change	codon13_R	383
Normal_460	Normal	known_oncogenic_residue_change	codon13_S	659
Normal_460	Normal	known_oncogenic_residue_change	codon13_V	744
Normal_460	Normal	missense_unknown_significance	codon12_A	8
Normal_460	Normal	missense_unknown_significance	codon12_C	5
Normal_460	Normal	missense_unknown_significance	codon12_D	1
Normal_460	Normal	missense_unknown_significance	codon12_R	5
Normal_460	Normal	missense_unknown_significance	codon12_S	2
Normal_460	Normal	missense_unknown_significance	codon12_V	11
Normal_460	Normal	missense_unknown_significance	none_detected	1847
Normal_460	Normal	stop_gain	codon12_C	3
Normal_460	Normal	stop_gain	codon12_R	29
Normal_460	Normal	stop_gain	codon12_S	2
Normal_460	Normal	stop_gain	codon12_V	3
Normal_460	Normal	stop_gain	none_detected	56
Normal_460	Normal	synonymous_noncanonical_codon	codon12_A	29
Normal_460	Normal	synonymous_noncanonical_codon	codon12_C	54
Normal_460	Normal	synonymous_noncanonical_codon	codon12_D	11
Normal_460	Normal	synonymous_noncanonical_codon	codon12_R	22
Normal_460	Normal	synonymous_noncanonical_codon	codon12_S	6
Normal_460	Normal	synonymous_noncanonical_codon	codon12_V	43
Normal_460	Normal	synonymous_noncanonical_codon	none_detected	3306
Normal_460	Normal	uncallable_indel_or_ambiguous	codon12_A	16
Normal_460	Normal	uncallable_indel_or_ambiguous	codon12_C	1
Normal_460	Normal	uncallable_indel_or_ambiguous	codon12_D	4
Normal_460	Normal	uncallable_indel_or_ambiguous	codon12_R	9
Normal_460	Normal	uncallable_indel_or_ambiguous	codon12_V	9
Normal_460	Normal	uncallable_indel_or_ambiguous	none_detected	10365
