specimen_id	cohort	kras_analysis_name	kras_hdr_exact_pct	kras_hdr_exact_pct_of_classified	kras_hdr_exact_reads	kras_informative_reads	kras_wt_exact_reads	kras_other_pattern_reads	kras_short_reads	kras_qc_flag	trp53_analysis_name	trp53_indel_pct	trp53_true_indel_reads	trp53_usable_reads	trp53_truncation_reads	trp53_window_reads	trp53_substitution_only_reads	trp53_qc_flag
Normal_458	Normal	Normal_458_Kras	0.000000	0.000000	0	1285438	733323	552115	0	high_noncanonical_fraction	Normal_458_Trp53	0.060012	513	854827	816192	1671019	16685	edge_truncation_present
Normal_460	Normal	Normal_460_Kras	0.000000	0.000000	0	1383091	1308229	74862	0	pass	Normal_460_Trp53	0.106745	1046	979906	932115	1912021	18143	edge_truncation_present
KP_376	KP	KP_376_Kras	0.001425	0.001767	19	1333726	1075539	258168	0	pass	KP_376_Trp53	68.101554	663081	973665	338909	1312574	7771	pass
KP_378	KP	KP_378_Kras	0.000155	0.000207	2	1289839	966057	323780	0	high_noncanonical_fraction	KP_378_Trp53	51.610794	413516	801220	758741	1559961	10891	edge_truncation_present
KP_398	KP	KP_398_Kras	0.022551	0.027169	350	1552004	1287899	263755	0	pass	KP_398_Trp53	54.159538	434327	801940	645763	1447703	66411	edge_truncation_present
KP_703	KP	KP_703_Kras	0.001491	0.001558	18	1206929	1155558	51353	0	pass	KP_703_Trp53	39.453572	342053	866976	816834	1683810	13855	edge_truncation_present
KP_751	KP	KP_751_Kras	0.002293	0.002368	30	1308571	1266946	41595	0	pass	KP_751_Trp53	37.534495	337863	900140	873687	1773827	11527	edge_truncation_present
KP_768	KP	KP_768_Kras	0.023924	0.027399	281	1174536	1025315	148940	0	pass	KP_768_Trp53	24.419965	199116	815382	695196	1510578	11769	edge_truncation_present
KP_811	KP	KP_811_Kras	0.048106	0.057564	605	1257642	1050390	206647	0	pass	KP_811_Trp53	NA	NA	NA	NA	NA	NA	missing_after_qc
KP_848	KP	KP_848_Kras	0.000264	0.000329	4	1517981	1215223	302754	0	pass	KP_848_Trp53	26.908666	243683	905593	868451	1774044	25288	edge_truncation_present
KP_850	KP	KP_850_Kras	0.000499	0.000536	6	1202768	1119704	83058	0	pass	KP_850_Trp53	45.210113	386178	854185	788568	1642753	13518	edge_truncation_present
KP_875	KP	KP_875_Kras	0.054737	0.063169	928	1695367	1468158	226281	0	pass	KP_875_Trp53	17.176777	131952	768200	727085	1495285	73628	edge_truncation_present
KPTT_613	KPTT	KPTT_613_Kras	0.001750	0.001888	33	1885591	1747687	137871	0	pass	KPTT_613_Trp53	35.825544	304961	851239	800932	1652171	11365	edge_truncation_present
KPTT_617	KPTT	KPTT_617_Kras	0.005346	0.005782	77	1440419	1331559	108783	0	pass	KPTT_617_Trp53	26.715455	248454	930001	880957	1810958	22066	edge_truncation_present
KPTT_637	KPTT	KPTT_637_Kras	0.001820	0.002019	23	1263954	1139290	124641	0	pass	KPTT_637_Trp53	42.045927	330991	787213	732552	1519765	10554	edge_truncation_present
KPTT_646	KPTT	KPTT_646_Kras	0.009080	0.009399	133	1464791	1414961	49697	0	pass	KPTT_646_Trp53	4.455556	35065	786995	737223	1524218	13755	edge_truncation_present
KPTT_655	KPTT	KPTT_655_Kras	0.000911	0.001019	12	1316688	1177636	139040	0	pass	KPTT_655_Trp53	26.390977	230294	872624	824076	1696700	18615	edge_truncation_present
