specimen_id	cohort	sample_name	plot_include	raw_pairs	not_full_window_classifiable_pairs	full_pm20_classifiable_pairs_including_HDR	hdr_excluded_pairs	displayed_nonhdr_classifiable_pairs	pm20_window_start	pm20_window_end	min_window_baseq	background_substitution	background_substitution_nonhdr_classifiable_pairs	background_substitution_nonhdr_classifiable_pct	moved_other_substitution_to_WT_background_pairs	moved_other_substitution_to_WT_background_pct	background_substitution_plus_other_sub_no_indel_pairs	background_substitution_in_indel_pairs	WT_background_pairs	WT_background_pct	in_del_pairs	in_del_pct	other_substitution_pairs	other_substitution_pct	three_bin_pct_sum	hdr_denominator_check_pass
Normal_458	Normal	L711	no	1477657	949271	528386	0	528386	71	111	20	sub:83:T>C	181305	34.31298331144277	166105	31.436298463623185	11620	3580	324220	61.360444826320155	181766	34.400230134787826	22400	4.239325038892022	100.0	True
Normal_460	Normal	L712	no	1487428	812125	675303	0	675303	71	111	20	sub:83:T>C	328791	48.68792231042954	312078	46.21303326062523	16108	605	627729	92.9551623493454	15808	2.340875133088406	31766	4.703962517566189	99.99999999999999	True
KP_376	KP	L719	yes	1513167	890376	622791	11	622780	71	111	20	sub:83:T>C	544017	87.35299784835736	177326	28.473297151482065	10404	356287	177340	28.475545136324225	433954	69.6801438710299	11486	1.844310992645878	100.0	True
KP_378	KP	L727	yes	1477612	873281	604331	1	604330	71	111	20	sub:83:T>C	503548	83.3233498254265	450386	74.52650042195489	26204	26958	451548	74.71877947479027	125969	20.844406201909553	26813	4.436814323300184	100.0	True
KP_398	KP	L718	yes	1764186	1410556	353630	138	353492	71	111	20	sub:83:T>C	219682	62.14624376223507	7072	2.0006110463603135	21712	190898	7094	2.0068346666968417	286972	81.18203523700677	59426	16.81113009629638	100.0	True
KP_703	KP	L723	yes	1366774	745781	620993	1	620992	71	111	20	sub:83:T>C	604172	97.29143048541688	440019	70.85743455632279	23945	140208	440033	70.8596890137071	153637	24.740576368133567	27322	4.399734618159332	100.0	True
KP_751	KP	L722	yes	1469212	956956	512256	9	512247	71	111	20	sub:83:T>C	496665	96.95810810019385	435644	85.04569084836027	22823	38198	436660	85.2440326639297	42256	8.249145431793647	33331	6.506821904276648	100.0	True
KP_768	KP	L721	yes	1331066	695950	635116	136	634980	71	111	20	sub:83:T>C	574796	90.52190620177014	521187	82.07927808749882	29332	24277	522575	82.29786764937478	29200	4.598570033701849	83205	13.103562316923368	100.0	True
KP_811	KP	L725	yes	1399652	847237	552415	170	552245	71	111	20	sub:83:T>C	373500	67.63302519714982	305953	55.40167860279405	18366	49181	306577	55.51467193003106	96024	17.387934702894547	149644	27.097393367074396	100.0	True
KP_848	KP	L726	yes	1704541	1040584	663957	0	663957	71	111	20	sub:83:T>C	628127	94.60356619479876	559460	84.26148078866554	35601	33066	560825	84.46706639134763	66506	10.016612521594018	36626	5.516321087058349	99.99999999999999	True
KP_850	KP	L720	yes	1355351	738041	617310	1	617309	71	111	20	sub:83:T>C	502436	81.3913291398635	389214	63.05010942655947	22182	91040	389949	63.16917459489494	204861	33.186135306629254	22499	3.6446900984758037	100.0	True
KP_875	KP	L724	yes	1944613	1057713	886900	343	886557	71	111	20	sub:83:T>C	788255	88.91193685234	704811	79.49979527543069	37596	45848	706339	79.67214741973726	56480	6.3707127686093505	123738	13.957139811653397	100.0	True
KPTT_613	KPTT	L716	yes	2144709	1392985	751724	8	751716	71	111	20	sub:83:T>C	718032	95.51905240809029	627726	83.50573886946665	27193	63113	629031	83.67934166626758	94702	12.598108860261057	27983	3.7225494734713642	100.0	True
KPTT_617	KPTT	L713	yes	1783615	1199924	583691	24	583667	71	111	20	sub:83:T>C	534258	91.53472784995554	450796	77.23513578804352	24379	59083	451917	77.42719735739729	84328	14.447964335828477	47422	8.12483830677424	100.0	True
KPTT_637	KPTT	L714	yes	1429239	794882	634357	11	634346	71	111	20	sub:83:T>C	597205	94.14499342630047	388669	61.270820656234925	20551	187985	388681	61.27271236832895	224419	35.378011369189686	21246	3.3492762624813586	99.99999999999999	True
KPTT_646	KPTT	L715	yes	1659032	1449278	209754	44	209710	71	111	20	sub:83:T>C	193579	92.30794907252873	11577	5.520480663773783	26593	155409	12965	6.182347050689047	168601	80.39721520194554	28144	13.42043774736541	100.0	True
KPTT_655	KPTT	L717	yes	1487963	857268	630695	3	630692	71	111	20	sub:83:T>C	589228	93.42563406543923	424432	67.29623968593228	22577	142219	425907	67.53010978417358	181730	28.81438166331585	23055	3.6555085525105757	100.0	True
