specimen_id	cohort	sample_name	analysis_name	consequence	frameshift_status	count	pct_of_cutsite_indel_pairs	pct_of_classifiable_pairs
KPTT_613	KPTT	L716	KPTT_613_Kras	in_frame_unknown	in_frame	43485	45.917721	5.784703
KPTT_613	KPTT	L716	KPTT_613_Kras	predicted_lof	frameshift	51010	53.863699	6.785735
KPTT_613	KPTT	L716	KPTT_613_Kras	predicted_lof	in_frame	207	0.218580	0.027537
KPTT_617	KPTT	L713	KPTT_617_Kras	in_frame_unknown	in_frame	20938	24.829238	3.587172
KPTT_617	KPTT	L713	KPTT_617_Kras	predicted_lof	frameshift	63172	74.912247	10.822850
KPTT_617	KPTT	L713	KPTT_617_Kras	predicted_lof	in_frame	218	0.258514	0.037349
KPTT_637	KPTT	L714	KPTT_637_Kras	in_frame_unknown	in_frame	38302	17.067182	6.037925
KPTT_637	KPTT	L714	KPTT_637_Kras	predicted_lof	frameshift	185932	82.850383	29.310309
KPTT_637	KPTT	L714	KPTT_637_Kras	predicted_lof	in_frame	185	0.082435	0.029163
KPTT_646	KPTT	L715	KPTT_646_Kras	in_frame_unknown	in_frame	152098	90.211802	72.512562
KPTT_646	KPTT	L715	KPTT_646_Kras	predicted_lof	frameshift	16447	9.754984	7.841090
KPTT_646	KPTT	L715	KPTT_646_Kras	predicted_lof	in_frame	56	0.033215	0.026698
KPTT_655	KPTT	L717	KPTT_655_Kras	in_frame_unknown	in_frame	132923	73.143124	21.075639
KPTT_655	KPTT	L717	KPTT_655_Kras	predicted_lof	frameshift	48456	26.663732	7.682953
KPTT_655	KPTT	L717	KPTT_655_Kras	predicted_lof	in_frame	351	0.193144	0.055653
KP_376	KP	L719	KP_376_Kras	in_frame_unknown	in_frame	11092	2.556031	1.781015
KP_376	KP	L719	KP_376_Kras	predicted_lof	frameshift	422440	97.346723	67.830139
KP_376	KP	L719	KP_376_Kras	predicted_lof	in_frame	422	0.097245	0.067759
KP_378	KP	L727	KP_378_Kras	in_frame_unknown	in_frame	6665	5.290984	1.102872
KP_378	KP	L727	KP_378_Kras	predicted_lof	frameshift	118769	94.284308	19.652972
KP_378	KP	L727	KP_378_Kras	predicted_lof	in_frame	535	0.424708	0.088528
KP_398	KP	L718	KP_398_Kras	in_frame_unknown	in_frame	44332	15.448197	12.536267
KP_398	KP	L718	KP_398_Kras	predicted_lof	frameshift	235028	81.899279	66.461556
KP_398	KP	L718	KP_398_Kras	predicted_lof	in_frame	7613	2.652872	2.152815
KP_703	KP	L723	KP_703_Kras	in_frame_unknown	in_frame	10615	6.909143	1.709359
KP_703	KP	L723	KP_703_Kras	predicted_lof	frameshift	142800	92.946361	22.995428
KP_703	KP	L723	KP_703_Kras	predicted_lof	in_frame	222	0.144496	0.035749
KP_751	KP	L722	KP_751_Kras	in_frame_unknown	in_frame	12495	29.569765	2.439210
KP_751	KP	L722	KP_751_Kras	predicted_lof	frameshift	29696	70.276410	5.797101
KP_751	KP	L722	KP_751_Kras	predicted_lof	in_frame	66	0.156191	0.012884
KP_768	KP	L721	KP_768_Kras	in_frame_unknown	in_frame	1365	4.674658	0.214921
KP_768	KP	L721	KP_768_Kras	predicted_lof	frameshift	27481	94.113014	4.326926
KP_768	KP	L721	KP_768_Kras	predicted_lof	in_frame	354	1.212329	0.055738
KP_811	KP	L725	KP_811_Kras	in_frame_unknown	in_frame	9599	9.996459	1.737643
KP_811	KP	L725	KP_811_Kras	predicted_lof	frameshift	86177	89.745272	15.600047
KP_811	KP	L725	KP_811_Kras	predicted_lof	in_frame	248	0.258269	0.044894
KP_848	KP	L726	KP_848_Kras	in_frame_unknown	in_frame	7665	11.525276	1.154442
KP_848	KP	L726	KP_848_Kras	predicted_lof	frameshift	58379	87.780050	8.792587
KP_848	KP	L726	KP_848_Kras	predicted_lof	in_frame	462	0.694674	0.069583
KP_850	KP	L720	KP_850_Kras	in_frame_unknown	in_frame	28305	13.816685	4.585217
KP_850	KP	L720	KP_850_Kras	predicted_lof	frameshift	176309	86.062745	28.560853
KP_850	KP	L720	KP_850_Kras	predicted_lof	in_frame	247	0.120570	0.040012
KP_875	KP	L724	KP_875_Kras	in_frame_unknown	in_frame	2499	4.424575	0.281768
KP_875	KP	L724	KP_875_Kras	predicted_lof	frameshift	53955	95.529391	6.083549
KP_875	KP	L724	KP_875_Kras	predicted_lof	in_frame	28	0.049575	0.003157
Normal_458	Normal	L711	Normal_458_Kras	in_frame_unknown	in_frame	11118	6.116655	2.104144
Normal_458	Normal	L711	Normal_458_Kras	predicted_lof	frameshift	169653	93.335937	32.107777
Normal_458	Normal	L711	Normal_458_Kras	predicted_lof	in_frame	995	0.547407	0.188309
Normal_460	Normal	L712	Normal_460_Kras	in_frame_unknown	in_frame	2101	13.290739	0.311120
Normal_460	Normal	L712	Normal_460_Kras	predicted_lof	frameshift	13603	86.051366	2.014355
Normal_460	Normal	L712	Normal_460_Kras	predicted_lof	in_frame	104	0.657895	0.015400
