specimen_id	cohort	locus	analysis_name	sample_name	fastq_status	analysis_include	exclusion_reason	primary_metric_name	primary_metric_pct	processed_reads	usable_reads	hdr_exact_reads	wt_exact_reads	other_pattern_reads	short_reads	window_reads	truncation_reads	true_indel_reads	substitution_only_reads	qc_flag
Normal_458	Normal	Kras	Normal_458_Kras	L711	present	yes	NA	kras_hdr_exact_pct	0.000000	1285438	1285438	0	733323	552115	0	NA	NA	NA	NA	high_noncanonical_fraction
Normal_458	Normal	Trp53	Normal_458_Trp53	L728	present	yes	NA	trp53_indel_pct	0.060012	NA	854827	NA	NA	NA	NA	1671019	816192	513	16685	edge_truncation_present
Normal_460	Normal	Kras	Normal_460_Kras	L712	present	yes	NA	kras_hdr_exact_pct	0.000000	1383091	1383091	0	1308229	74862	0	NA	NA	NA	NA	pass
Normal_460	Normal	Trp53	Normal_460_Trp53	L729	present	yes	NA	trp53_indel_pct	0.106745	NA	979906	NA	NA	NA	NA	1912021	932115	1046	18143	edge_truncation_present
KP_376	KP	Kras	KP_376_Kras	L719	present	yes	NA	kras_hdr_exact_pct	0.001425	1333726	1333726	19	1075539	258168	0	NA	NA	NA	NA	pass
KP_376	KP	Trp53	KP_376_Trp53	L736	present	yes	NA	trp53_indel_pct	68.101554	NA	973665	NA	NA	NA	NA	1312574	338909	663081	7771	pass
KP_378	KP	Kras	KP_378_Kras	L727	present	yes	NA	kras_hdr_exact_pct	0.000155	1289839	1289839	2	966057	323780	0	NA	NA	NA	NA	high_noncanonical_fraction
KP_378	KP	Trp53	KP_378_Trp53	L744	present	yes	NA	trp53_indel_pct	51.610794	NA	801220	NA	NA	NA	NA	1559961	758741	413516	10891	edge_truncation_present
KP_398	KP	Kras	KP_398_Kras	L718	present	yes	NA	kras_hdr_exact_pct	0.022551	1552004	1552004	350	1287899	263755	0	NA	NA	NA	NA	pass
KP_398	KP	Trp53	KP_398_Trp53	L735	present	yes	NA	trp53_indel_pct	54.159538	NA	801940	NA	NA	NA	NA	1447703	645763	434327	66411	edge_truncation_present
KP_703	KP	Kras	KP_703_Kras	L723	present	yes	NA	kras_hdr_exact_pct	0.001491	1206929	1206929	18	1155558	51353	0	NA	NA	NA	NA	pass
KP_703	KP	Trp53	KP_703_Trp53	L740	present	yes	NA	trp53_indel_pct	39.453572	NA	866976	NA	NA	NA	NA	1683810	816834	342053	13855	edge_truncation_present
KP_751	KP	Kras	KP_751_Kras	L722	present	yes	NA	kras_hdr_exact_pct	0.002293	1308571	1308571	30	1266946	41595	0	NA	NA	NA	NA	pass
KP_751	KP	Trp53	KP_751_Trp53	L739	present	yes	NA	trp53_indel_pct	37.534495	NA	900140	NA	NA	NA	NA	1773827	873687	337863	11527	edge_truncation_present
KP_768	KP	Kras	KP_768_Kras	L721	present	yes	NA	kras_hdr_exact_pct	0.023924	1174536	1174536	281	1025315	148940	0	NA	NA	NA	NA	pass
KP_768	KP	Trp53	KP_768_Trp53	L738	present	yes	NA	trp53_indel_pct	24.419965	NA	815382	NA	NA	NA	NA	1510578	695196	199116	11769	edge_truncation_present
KP_811	KP	Kras	KP_811_Kras	L725	present	yes	NA	kras_hdr_exact_pct	0.048106	1257642	1257642	605	1050390	206647	0	NA	NA	NA	NA	pass
KP_811	KP	Trp53	KP_811_Trp53	L742	excluded	no	failed_qc_missing_fastq	trp53_indel_pct	NA	NA	NA	NA	NA	NA	NA	NA	NA	NA	NA	missing_after_qc
KP_848	KP	Kras	KP_848_Kras	L726	present	yes	NA	kras_hdr_exact_pct	0.000264	1517981	1517981	4	1215223	302754	0	NA	NA	NA	NA	pass
KP_848	KP	Trp53	KP_848_Trp53	L743	present	yes	NA	trp53_indel_pct	26.908666	NA	905593	NA	NA	NA	NA	1774044	868451	243683	25288	edge_truncation_present
KP_850	KP	Kras	KP_850_Kras	L720	present	yes	NA	kras_hdr_exact_pct	0.000499	1202768	1202768	6	1119704	83058	0	NA	NA	NA	NA	pass
KP_850	KP	Trp53	KP_850_Trp53	L737	present	yes	NA	trp53_indel_pct	45.210113	NA	854185	NA	NA	NA	NA	1642753	788568	386178	13518	edge_truncation_present
KP_875	KP	Kras	KP_875_Kras	L724	present	yes	NA	kras_hdr_exact_pct	0.054737	1695367	1695367	928	1468158	226281	0	NA	NA	NA	NA	pass
KP_875	KP	Trp53	KP_875_Trp53	L741	present	yes	NA	trp53_indel_pct	17.176777	NA	768200	NA	NA	NA	NA	1495285	727085	131952	73628	edge_truncation_present
KPTT_613	KPTT	Kras	KPTT_613_Kras	L716	present	yes	NA	kras_hdr_exact_pct	0.001750	1885591	1885591	33	1747687	137871	0	NA	NA	NA	NA	pass
KPTT_613	KPTT	Trp53	KPTT_613_Trp53	L733	present	yes	NA	trp53_indel_pct	35.825544	NA	851239	NA	NA	NA	NA	1652171	800932	304961	11365	edge_truncation_present
KPTT_617	KPTT	Kras	KPTT_617_Kras	L713	present	yes	NA	kras_hdr_exact_pct	0.005346	1440419	1440419	77	1331559	108783	0	NA	NA	NA	NA	pass
KPTT_617	KPTT	Trp53	KPTT_617_Trp53	L730	present	yes	NA	trp53_indel_pct	26.715455	NA	930001	NA	NA	NA	NA	1810958	880957	248454	22066	edge_truncation_present
KPTT_637	KPTT	Kras	KPTT_637_Kras	L714	present	yes	NA	kras_hdr_exact_pct	0.001820	1263954	1263954	23	1139290	124641	0	NA	NA	NA	NA	pass
KPTT_637	KPTT	Trp53	KPTT_637_Trp53	L731	present	yes	NA	trp53_indel_pct	42.045927	NA	787213	NA	NA	NA	NA	1519765	732552	330991	10554	edge_truncation_present
KPTT_646	KPTT	Kras	KPTT_646_Kras	L715	present	yes	NA	kras_hdr_exact_pct	0.009080	1464791	1464791	133	1414961	49697	0	NA	NA	NA	NA	pass
KPTT_646	KPTT	Trp53	KPTT_646_Trp53	L732	present	yes	NA	trp53_indel_pct	4.455556	NA	786995	NA	NA	NA	NA	1524218	737223	35065	13755	edge_truncation_present
KPTT_655	KPTT	Kras	KPTT_655_Kras	L717	present	yes	NA	kras_hdr_exact_pct	0.000911	1316688	1316688	12	1177636	139040	0	NA	NA	NA	NA	pass
KPTT_655	KPTT	Trp53	KPTT_655_Trp53	L734	present	yes	NA	trp53_indel_pct	26.390977	NA	872624	NA	NA	NA	NA	1696700	824076	230294	18615	edge_truncation_present
