cell_line	gene	paper_workbook_value	depmap_24q4_tpm	delta_depmap_minus_paper
A549	GJA1	72.09	85.14	13.05
A549	GJA10	0	0	0
A549	GJA3	0.17	0.2	0.03
A549	GJA5	0	0	0
A549	GJA8	0	0	0
A549	GJA9	0.25	0.14	-0.11
A549	GJB2	0.32	0.43	0.11
A549	GJB4	0.08	0.17	0.09
A549	GJB5	0.11	0.15	0.04
A549	GJB6	0.01	0.01	8.67361738e-18
A549	GJB7	0.02	0.06	0.04
A549	GJC1	8.29	14.17	5.88
A549	GJC2	0.07	0.1	0.03
A549	GJC3	0.12	0.13	0.01
A549	GJD2	0	0	0
A549	GJD3	2.52	1.6	-0.92
A549	GJD4	0.03	0	-0.03
Calu-1	GJA1	54.66	91.71	37.05
Calu-1	GJA10	0	0	0
Calu-1	GJA3	0	0	0
Calu-1	GJA5	0.01	0.03	0.02
Calu-1	GJA8	0	0	0
Calu-1	GJA9	0.23	0.09	-0.14
Calu-1	GJB2	0.29	0.54	0.25
Calu-1	GJB4	0.05	0.12	0.07
Calu-1	GJB5	0.2	0.33	0.13
Calu-1	GJB6	0	0	0
Calu-1	GJB7	0.02	0	-0.02
Calu-1	GJC1	11.22	26.44	15.22
Calu-1	GJC2	0.35	0.64	0.29
Calu-1	GJC3	0.07	0.05	-0.02
Calu-1	GJD2	0	0	0
Calu-1	GJD3	0.22	0.1	-0.12
Calu-1	GJD4	0.01	0.01	8.67361738e-18
NCI-H23	GJA1	16.18	18.39	2.21
NCI-H23	GJA10	0	0	0
NCI-H23	GJA3	2.76	3.13	0.37
NCI-H23	GJA5	0.1	0.1	8.326672685e-17
NCI-H23	GJA8	0.01	0.01	8.67361738e-18
NCI-H23	GJA9	0.06	0	-0.06
NCI-H23	GJB2	0.69	0.83	0.14
NCI-H23	GJB4	0.01	0.01	8.67361738e-18
NCI-H23	GJB5	0.05	0.03	-0.02
NCI-H23	GJB6	0.14	0.23	0.09
NCI-H23	GJB7	0.04	0.01	-0.03
NCI-H23	GJC1	10.55	18.66	8.11
NCI-H23	GJC2	0.25	0.3	0.05
NCI-H23	GJC3	0.26	0.25	-0.01
NCI-H23	GJD2	0	0	0
NCI-H23	GJD3	1.38	0.37	-1.01
NCI-H23	GJD4	0.02	0	-0.02
SK-MES-1	GJA1	14.52	23.65	9.13
SK-MES-1	GJA10	0	0	0
SK-MES-1	GJA3	1.11	1.72	0.61
SK-MES-1	GJA5	0.02	0.02	1.734723476e-17
SK-MES-1	GJA8	0	0	0
SK-MES-1	GJA9	0.39	0.04	-0.35
SK-MES-1	GJB2	7.21	12.42	5.21
SK-MES-1	GJB4	0.09	0.11	0.02
SK-MES-1	GJB5	0.41	0.5	0.09
SK-MES-1	GJB6	0.02	0.13	0.11
SK-MES-1	GJB7	0.05	0.11	0.06
SK-MES-1	GJC1	5.67	12.96	7.29
SK-MES-1	GJC2	0.41	0.69	0.28
SK-MES-1	GJC3	0.3	0.38	0.08
SK-MES-1	GJD2	0	0	0
SK-MES-1	GJD3	3.61	1.41	-2.2
SK-MES-1	GJD4	0.02	0	-0.02
NCI-H520	GJA1	0.61	1	0.39
NCI-H520	GJA10	0	0	0
NCI-H520	GJA3	0.03	0.05	0.02
NCI-H520	GJA5	0.07	0.12	0.05
NCI-H520	GJA8	0.02	0	-0.02
NCI-H520	GJA9	1.17	0.31	-0.86
NCI-H520	GJB2	0.07	0.1	0.03
NCI-H520	GJB4	0.04	0.02	-0.02
NCI-H520	GJB5	0.21	0.28	0.07
NCI-H520	GJB6	0.07	0.17	0.1
NCI-H520	GJB7	2.54	4.53	1.99
NCI-H520	GJC1	5.69	12.2	6.51
NCI-H520	GJC2	0.09	0.17	0.08
NCI-H520	GJC3	0.2	0.23	0.03
NCI-H520	GJD2	0	0.01	0.01
NCI-H520	GJD3	1.09	0.29	-0.8
NCI-H520	GJD4	0.04	0.06	0.02
NCI-H1299	GJA1	0.44	0.58	0.14
NCI-H1299	GJA10	0	0	0
NCI-H1299	GJA3	0.37	0.44	0.07
NCI-H1299	GJA5	0	0	0
NCI-H1299	GJA8	0	0	0
NCI-H1299	GJA9	0.04	0	-0.04
NCI-H1299	GJB2	0.23	0.31	0.08
NCI-H1299	GJB4	0.03	0.04	0.01
NCI-H1299	GJB5	0.02	0.03	0.01
NCI-H1299	GJB6	0	0	0
NCI-H1299	GJB7	0.05	0.09	0.04
NCI-H1299	GJC1	15.67	29	13.33
NCI-H1299	GJC2	0.19	0.23	0.04
NCI-H1299	GJC3	0.16	0.08	-0.08
NCI-H1299	GJD2	0	0	0
NCI-H1299	GJD3	0.83	0.23	-0.6
NCI-H1299	GJD4	0.01	0	-0.01
BEN	GJA1	0.09	0.13	0.04
BEN	GJA10	0	0	0
BEN	GJA3	0.01	0.02	0.01
BEN	GJA5	0	0	0
BEN	GJA8	0.01	0.01	8.67361738e-18
BEN	GJA9	0.09	0	-0.09
BEN	GJB2	6.41	8.93	2.52
BEN	GJB4	0	0.01	0.01
BEN	GJB5	0.04	0.06	0.02
BEN	GJB6	0.08	0.12	0.04
BEN	GJB7	1.13	1.57	0.44
BEN	GJC1	0.07	0.12	0.05
BEN	GJC2	0.22	0.25	0.03
BEN	GJC3	3.51	4.57	1.06
BEN	GJD2	0.03	0.02	-0.01
BEN	GJD3	1.21	0.17	-1.04
BEN	GJD4	0	0	0
NCI-H838	GJA1	0.07	0.07	5.551115123e-17
NCI-H838	GJA10	0	0	0
NCI-H838	GJA3	0.17	0.17	-8.326672685e-17
NCI-H838	GJA5	0.27	0.29	0.02
NCI-H838	GJA8	0	0	0
NCI-H838	GJA9	0.21	0	-0.21
NCI-H838	GJB2	0.04	0.04	3.469446952e-17
NCI-H838	GJB4	0.1	0.18	0.08
NCI-H838	GJB5	0.04	0.05	0.01
NCI-H838	GJB6	0.01	0	-0.01
NCI-H838	GJB7	0.05	0.02	-0.03
NCI-H838	GJC1	4.83	8.01	3.18
NCI-H838	GJC2	0.33	0.36	0.03
NCI-H838	GJC3	0.07	0.01	-0.06
NCI-H838	GJD2	0	0	0
NCI-H838	GJD3	1.3	0.6	-0.7
NCI-H838	GJD4	0.01	0	-0.01
