gene	present	depmap_column_id	depmap_symbol	depmap_ensembl_id	workbook_ensembl_id	match_type
GJA1	True	GJA1 (ENSG00000152661)	GJA1	ENSG00000152661	ENSG00000152661	symbol_and_ensembl
GJA10	True	GJA10 (ENSG00000135355)	GJA10	ENSG00000135355	ENSG00000135355	symbol_and_ensembl
GJA3	True	GJA3 (ENSG00000121743)	GJA3	ENSG00000121743	ENSG00000121743	symbol_and_ensembl
GJA5	True	GJA5 (ENSG00000265107)	GJA5	ENSG00000265107	ENSG00000265107	symbol_and_ensembl
GJA8	True	GJA8 (ENSG00000121634)	GJA8	ENSG00000121634	ENSG00000121634	symbol_and_ensembl
GJA9	True	GJA9 (ENSG00000131233)	GJA9	ENSG00000131233	ENSG00000131233	symbol_and_ensembl
GJB2	True	GJB2 (ENSG00000165474)	GJB2	ENSG00000165474	ENSG00000165474	symbol_and_ensembl
GJB4	True	GJB4 (ENSG00000189433)	GJB4	ENSG00000189433	ENSG00000189433	symbol_and_ensembl
GJB5	True	GJB5 (ENSG00000189280)	GJB5	ENSG00000189280	ENSG00000189280	symbol_and_ensembl
GJB6	True	GJB6 (ENSG00000121742)	GJB6	ENSG00000121742	ENSG00000121742	symbol_and_ensembl
GJB7	True	GJB7 (ENSG00000164411)	GJB7	ENSG00000164411	ENSG00000164411	symbol_and_ensembl
GJC1	True	GJC1 (ENSG00000182963)	GJC1	ENSG00000182963	ENSG00000182963	symbol_and_ensembl
GJC2	True	GJC2 (ENSG00000198835)	GJC2	ENSG00000198835	ENSG00000198835	symbol_and_ensembl
GJC3	True	GJC3 (ENSG00000176402)	GJC3	ENSG00000176402	ENSG00000176402	symbol_and_ensembl
GJD2	True	GJD2 (ENSG00000159248)	GJD2	ENSG00000159248	ENSG00000159248	symbol_and_ensembl
GJD3	True	GJD3 (ENSG00000183153)	GJD3	ENSG00000183153	ENSG00000183153	symbol_and_ensembl
GJD4	True	GJD4 (ENSG00000177291)	GJD4	ENSG00000177291	ENSG00000177291	symbol_and_ensembl
