"pos_status","neighbor_status","meanvalue","sd_value","numneigh","radius","perc","sd_perc","anova_pval","significance"
"Double_Neg","Double_Neg",3.80350553505535,1.60076928613981,6,1,63.3917589175892,26.6794881023302,0.0878349007100622,"ns"
"Double_Neg","TYMS_Pos",0.892988929889299,0.957830495179115,6,1,14.8831488314883,15.9638415863186,0.0878349007100622,"ns"
"Double_Neg","Double_Pos",0.743542435424354,1.14695984880951,6,1,12.3923739237392,19.1159974801585,0.0878349007100622,"ns"
"Double_Neg","TK1_Pos",0.559963099630996,0.748715365505991,6,1,9.33271832718327,12.4785894250998,0.0878349007100622,"ns"
"Double_Pos","Double_Neg",0.527881040892193,0.923028168637936,6,1,8.79801734820322,15.3838028106323,0.0878349007100622,"ns"
"Double_Pos","TYMS_Pos",0.703841387856258,0.886083136678254,6,1,11.7306897976043,14.7680522779709,0.0878349007100622,"ns"
"Double_Pos","Double_Pos",4.36988847583643,1.52478522466445,6,1,72.8314745972739,25.4130870777409,0.0878349007100622,"ns"
"Double_Pos","TK1_Pos",0.398389095415118,0.643935807377077,6,1,6.63981825691863,10.7322634562846,0.0878349007100622,"ns"
"TK1_Pos","Double_Neg",2.02990033222591,1.81909400252797,6,1,33.8316722037652,30.3182333754661,0.0878349007100622,"ns"
"TK1_Pos","TYMS_Pos",1.14617940199336,1.10689973396012,6,1,19.1029900332226,18.4483288993353,0.0878349007100622,"ns"
"TK1_Pos","Double_Pos",2.09634551495017,1.81677918312091,6,1,34.9390919158361,30.2796530520152,0.0878349007100622,"ns"
"TK1_Pos","TK1_Pos",0.727574750830565,0.80759133553241,6,1,12.1262458471761,13.4598555922068,0.0878349007100622,"ns"
"TYMS_Pos","Double_Neg",1.91666666666667,1.74234339835733,6,1,31.9444444444444,29.0390566392888,0.0878349007100622,"ns"
"TYMS_Pos","TYMS_Pos",1.22480620155039,1.09891604193569,6,1,20.4134366925065,18.3152673655948,0.0878349007100622,"ns"
"TYMS_Pos","Double_Pos",2.19573643410853,1.80894788933249,6,1,36.5956072351421,30.1491314888748,0.0878349007100622,"ns"
"TYMS_Pos","TK1_Pos",0.662790697674419,0.844543400961415,6,1,11.046511627907,14.0757233493569,0.0878349007100622,"ns"
"Double_Neg","Double_Neg",10.2121535181237,4.15145259451396,18,2,56.7341862117982,23.0636255250776,0.0299572905116524,"*"
"Double_Neg","TYMS_Pos",2.82089552238806,1.89700388602884,18,2,15.6716417910448,10.538910477938,0.0299572905116524,"*"
"Double_Neg","Double_Pos",3.21748400852878,3.40312388072432,18,2,17.8749111584932,18.9062437818018,0.0299572905116524,"*"
"Double_Neg","TK1_Pos",1.74946695095949,1.3967964313092,18,2,9.71926083866382,7.75998017394001,0.0299572905116524,"*"
"Double_Pos","Double_Neg",2.15431266846361,2.67094736197974,18,2,11.9684037136867,14.838596455443,0.0299572905116524,"*"
"Double_Pos","TYMS_Pos",2.25269541778976,1.8318084130875,18,2,12.5149745432764,10.1767134060417,0.0299572905116524,"*"
"Double_Pos","Double_Pos",12.3045822102426,4.1914990262394,18,2,68.3587900569033,23.28610570133,0.0299572905116524,"*"
"Double_Pos","TK1_Pos",1.28840970350404,1.3011123014967,18,2,7.15783168613357,7.22840167498169,0.0299572905116524,"*"
"TK1_Pos","Double_Neg",5.93818181818182,4.37975980531158,18,2,32.989898989899,24.3319989183977,0.0299572905116524,"*"
"TK1_Pos","TYMS_Pos",3.27272727272727,2.11920782485117,18,2,18.1818181818182,11.7733768047287,0.0299572905116524,"*"
"TK1_Pos","Double_Pos",6.77818181818182,4.75512366418709,18,2,37.6565656565657,26.4173536899283,0.0299572905116524,"*"
"TK1_Pos","TK1_Pos",2.01090909090909,1.44607103328682,18,2,11.1717171717172,8.03372796270456,0.0299572905116524,"*"
"TYMS_Pos","Double_Neg",5.71488469601677,4.11729910620474,18,2,31.7493594223154,22.8738839233597,0.0299572905116524,"*"
"TYMS_Pos","TYMS_Pos",3.53249475890985,2.21090989065935,18,2,19.6249708828325,12.2828327258853,0.0299572905116524,"*"
"TYMS_Pos","Double_Pos",6.84696016771488,4.65395559871349,18,2,38.038667598416,25.8553088817416,0.0299572905116524,"*"
"TYMS_Pos","TK1_Pos",1.90566037735849,1.48999091770195,18,2,10.5870020964361,8.27772732056641,0.0299572905116524,"*"
"Double_Neg","Double_Neg",18.6582125603865,7.52619561938947,36,3,51.8283682232958,20.9060989427485,0.0092627805176224,"**"
"Double_Neg","TYMS_Pos",5.86714975845411,3.1895738692288,36,3,16.2976382179281,8.85992741452444,0.0092627805176224,"**"
"Double_Neg","Double_Pos",7.80314009661836,6.55577058594277,36,3,21.6753891572732,18.210473849841,0.0092627805176224,"**"
"Double_Neg","TK1_Pos",3.67149758454106,2.12392581655726,36,3,10.198604401503,5.89979393488127,0.0092627805176224,"**"
"Double_Pos","Double_Neg",5.31732933233308,5.425358216846,36,3,14.7703592564808,15.0704394912389,0.0092627805176224,"**"
"Double_Pos","TYMS_Pos",4.72768192048012,3.02717280280276,36,3,13.1324497791114,8.40881334111879,0.0092627805176224,"**"
"Double_Pos","Double_Pos",23.2895723930983,8.05397636745512,36,3,64.6932566474952,22.3721565762642,0.0092627805176224,"**"
"Double_Pos","TK1_Pos",2.66541635408852,1.95304791713087,36,3,7.40393431691256,5.4251331031413,0.0092627805176224,"**"
"TK1_Pos","Double_Neg",12.2813688212928,7.93753733109556,36,3,34.1149133924799,22.0487148085988,0.0092627805176224,"**"
"TK1_Pos","TYMS_Pos",6.24714828897338,3.28827164120049,36,3,17.3531896915927,9.1340878922236,0.0092627805176224,"**"
"TK1_Pos","Double_Pos",13.6501901140684,8.9074583832435,36,3,37.9171947613012,24.7429399534542,0.0092627805176224,"**"
"TK1_Pos","TK1_Pos",3.8212927756654,2.17252162952389,36,3,10.6147021546261,6.03478230423303,0.0092627805176224,"**"
"TYMS_Pos","Double_Neg",11.45,7.36068791971787,36,3,31.8055555555556,20.4463553325496,0.0092627805176224,"**"
"TYMS_Pos","TYMS_Pos",6.74318181818182,3.68212438231883,36,3,18.7310606060606,10.228123284219,0.0092627805176224,"**"
"TYMS_Pos","Double_Pos",14.1704545454545,8.78938787405941,36,3,39.3623737373737,24.4149663168317,0.0092627805176224,"**"
"TYMS_Pos","TK1_Pos",3.63636363636364,2.07370904585844,36,3,10.1010101010101,5.76030290516234,0.0092627805176224,"**"
"Double_Neg","Double_Neg",29.2041884816754,11.1309462349346,60,4,48.673647469459,18.5515770582243,0.00327224131980592,"**"
"Double_Neg","TYMS_Pos",9.8913612565445,4.75148910704099,60,4,16.4856020942408,7.91914851173499,0.00327224131980592,"**"
"Double_Neg","Double_Pos",14.5968586387435,10.243805944905,60,4,24.3280977312391,17.073009908175,0.00327224131980592,"**"
"Double_Neg","TK1_Pos",6.30759162303665,2.75774043938942,60,4,10.5126527050611,4.59623406564904,0.00327224131980592,"**"
"Double_Pos","Double_Neg",10.321489001692,9.13599547728728,60,4,17.2024816694867,15.2266591288121,0.00327224131980592,"**"
"Double_Pos","TYMS_Pos",8.23096446700508,4.45866771378748,60,4,13.7182741116751,7.43111285631247,0.00327224131980592,"**"
"Double_Pos","Double_Pos",36.8510998307953,12.9890135811199,60,4,61.4184997179921,21.6483559685331,0.00327224131980592,"**"
"Double_Pos","TK1_Pos",4.59644670050761,2.67242086069589,60,4,7.66074450084602,4.45403476782649,0.00327224131980592,"**"
"TK1_Pos","Double_Neg",21.2301255230126,12.2974929289314,60,4,35.3835425383543,20.4958215482191,0.00327224131980592,"**"
"TK1_Pos","TYMS_Pos",10.2050209205021,4.60405099980487,60,4,17.0083682008368,7.67341833300811,0.00327224131980592,"**"
"TK1_Pos","Double_Pos",22.2887029288703,13.6632795468146,60,4,37.1478382147838,22.7721325780244,0.00327224131980592,"**"
"TK1_Pos","TK1_Pos",6.27615062761506,2.75907521543775,60,4,10.4602510460251,4.59845869239625,0.00327224131980592,"**"
"TYMS_Pos","Double_Neg",19.3558897243108,11.1555317484566,60,4,32.2598162071846,18.5925529140944,0.00327224131980592,"**"
"TYMS_Pos","TYMS_Pos",11.1152882205514,5.33140330123681,60,4,18.5254803675856,8.88567216872802,0.00327224131980592,"**"
"TYMS_Pos","Double_Pos",23.5714285714286,13.6534379389239,60,4,39.2857142857143,22.7557298982065,0.00327224131980592,"**"
"TYMS_Pos","TK1_Pos",5.95739348370927,2.58730748523895,60,4,9.92898913951545,4.31217914206492,0.00327224131980592,"**"
"Double_Neg","Double_Neg",41.8511821974965,14.9027056532394,90,5,46.5013135527739,16.5585618369326,0.00121618632888853,"**"
"Double_Neg","TYMS_Pos",14.8289290681502,6.30867535895256,90,5,16.4765878535002,7.00963928772507,0.00121618632888853,"**"
"Double_Neg","Double_Pos",23.6550764951321,14.3704693221449,90,5,26.2834183279246,15.9671881357166,0.00121618632888853,"**"
"Double_Neg","TK1_Pos",9.66481223922114,3.29010920682437,90,5,10.7386802658013,3.65567689647152,0.00121618632888853,"**"
"Double_Pos","Double_Neg",17.2331349206349,13.2724192783063,90,5,19.1479276895944,14.7471325314514,0.00121618632888853,"**"
"Double_Pos","TYMS_Pos",12.7529761904762,5.97408264317096,90,5,14.1699735449735,6.63786960352329,0.00121618632888853,"**"
"Double_Pos","Double_Pos",52.8253968253968,18.402033204482,90,5,58.694885361552,20.4467035605355,0.00121618632888853,"**"
"Double_Pos","TK1_Pos",7.18849206349206,3.43505303922089,90,5,7.98721340388007,3.81672559913432,0.00121618632888853,"**"
"TK1_Pos","Double_Neg",32.7348837209302,16.5974731175648,90,5,36.3720930232558,18.4416367972942,0.00121618632888853,"**"
"TK1_Pos","TYMS_Pos",15.0604651162791,6.06360906744843,90,5,16.733850129199,6.73734340827604,0.00121618632888853,"**"
"TK1_Pos","Double_Pos",33.0279069767442,18.7297345384059,90,5,36.6976744186046,20.8108161537844,0.00121618632888853,"**"
"TK1_Pos","TK1_Pos",9.17674418604651,3.3747853659202,90,5,10.1963824289406,3.74976151768911,0.00121618632888853,"**"
"TYMS_Pos","Double_Neg",29.4809782608696,15.0906314521131,90,5,32.7566425120773,16.7673682801256,0.00121618632888853,"**"
"TYMS_Pos","TYMS_Pos",16.7663043478261,7.25515924179072,90,5,18.6292270531401,8.06128804643413,0.00121618632888853,"**"
"TYMS_Pos","Double_Pos",34.9320652173913,18.8252614233604,90,5,38.8134057971015,20.9169571370671,0.00121618632888853,"**"
"TYMS_Pos","TK1_Pos",8.82065217391304,3.17438789975137,90,5,9.80072463768116,3.52709766639041,0.00121618632888853,"**"
"Double_Neg","Double_Neg",61.2585139318885,19.2564829785427,138,6,44.3902274868758,13.9539731728571,0.000264907483234073,"***"
"Double_Neg","TYMS_Pos",22.8529411764706,8.55325582071055,138,6,16.5601023017903,6.19801146428301,0.000264907483234073,"***"
"Double_Neg","Double_Pos",38.812693498452,19.7437198694726,138,6,28.1251402162696,14.3070433836758,0.000264907483234073,"***"
"Double_Neg","TK1_Pos",15.0758513931889,4.08424526094176,138,6,10.9245299950644,2.95959801517519,0.000264907483234073,"***"
"Double_Pos","Double_Neg",30.27875,19.0907469526866,138,6,21.9411231884058,13.8338746033961,0.000264907483234073,"***"
"Double_Pos","TYMS_Pos",20.4225,8.09619844659259,138,6,14.7989130434783,5.86681046854535,0.000264907483234073,"***"
"Double_Pos","Double_Pos",75.71,25.6592848423973,138,6,54.8623188405797,18.5936846684038,0.000264907483234073,"***"
"Double_Pos","TK1_Pos",11.58875,4.36473791983964,138,6,8.39764492753623,3.16285356510119,0.000264907483234073,"***"
"TK1_Pos","Double_Neg",50.738219895288,22.7192141027397,138,6,36.7668260110782,16.4631986251737,0.000264907483234073,"***"
"TK1_Pos","TYMS_Pos",23.0680628272251,8.11759466034836,138,6,16.7159875559602,5.88231497126693,0.000264907483234073,"***"
"TK1_Pos","Double_Pos",50.303664921466,26.0568596316993,138,6,36.4519311025116,18.8817823418111,0.000264907483234073,"***"
"TK1_Pos","TK1_Pos",13.8900523560209,4.3689641669372,138,6,10.06525533045,3.16591606299797,0.000264907483234073,"***"
"TYMS_Pos","Double_Neg",46.3784615384615,21.1537908658519,138,6,33.6075808249721,15.3288339607623,0.000264907483234073,"***"
"TYMS_Pos","TYMS_Pos",25.7076923076923,9.82206365653036,138,6,18.628762541806,7.11743743226837,0.000264907483234073,"***"
"TYMS_Pos","Double_Pos",52.3815384615385,26.4414499489648,138,6,37.9576365663322,19.1604709775107,0.000264907483234073,"***"
"TYMS_Pos","TK1_Pos",13.5323076923077,4.01421500760179,138,6,9.80602006688963,2.90885145478391,0.000264907483234073,"***"
"Double_Neg","Double_Neg",79.1541095890411,23.0987190892176,186,7,42.5559728973339,12.4186661769987,3.5347764796866e-05,"****"
"Double_Neg","TYMS_Pos",31.0958904109589,10.6199454842035,186,7,16.7182206510532,5.70964810978685,3.5347764796866e-05,"****"
"Double_Neg","Double_Pos",55.4554794520548,25.3252205653229,186,7,29.8147738989542,13.6157099813564,3.5347764796866e-05,"****"
"Double_Neg","TK1_Pos",20.2945205479452,4.88027191579863,186,7,10.9110325526587,2.62380210526808,3.5347764796866e-05,"****"
"Double_Pos","Double_Neg",46.0906298003072,24.3261066739097,186,7,24.7799084947888,13.0785519752203,3.5347764796866e-05,"****"
"Double_Pos","TYMS_Pos",28.3748079877112,9.99681078767689,186,7,15.2552731116727,5.37462945574026,3.5347764796866e-05,"****"
"Double_Pos","Double_Pos",95.3778801843318,31.7635262883185,186,7,51.27843020663,17.077164671139,3.5347764796866e-05,"****"
"Double_Pos","TK1_Pos",16.1566820276498,5.11859632699611,186,7,8.68638818690848,2.75193350913769,3.5347764796866e-05,"****"
"TK1_Pos","Double_Neg",69.5621301775148,28.1149423956643,186,7,37.398994719094,15.1155604277765,3.5347764796866e-05,"****"
"TK1_Pos","TYMS_Pos",30.7159763313609,10.4284315078406,186,7,16.5139657695489,5.6066836063659,3.5347764796866e-05,"****"
"TK1_Pos","Double_Pos",67.3727810650888,32.5961503344245,186,7,36.2219253038112,17.5248120077551,3.5347764796866e-05,"****"
"TK1_Pos","TK1_Pos",18.3491124260355,5.28384913746818,186,7,9.86511420754597,2.84077910616569,3.5347764796866e-05,"****"
"TYMS_Pos","Double_Neg",63.356890459364,26.1606435266622,186,7,34.0628443329914,14.0648621111087,3.5347764796866e-05,"****"
"TYMS_Pos","TYMS_Pos",34.4558303886926,12.1667197919551,186,7,18.5246399939207,6.54124719997588,3.5347764796866e-05,"****"
"TYMS_Pos","Double_Pos",69.8975265017668,33.6317156687649,186,7,37.5793153235305,18.0815675638521,3.5347764796866e-05,"****"
"TYMS_Pos","TK1_Pos",18.2897526501767,4.92145407601138,186,7,9.83320034955735,2.64594305161902,3.5347764796866e-05,"****"
"Double_Neg","Double_Neg",98.4627151051625,26.0190772534275,240,8,41.0261312938177,10.8412821889281,4.63380281758901e-06,"****"
"Double_Neg","TYMS_Pos",40.4091778202677,12.7515633439014,240,8,16.8371574251115,5.31315139329225,4.63380281758901e-06,"****"
"Double_Neg","Double_Pos",75.2772466539197,30.790069032486,240,8,31.3655194391332,12.8291954302025,4.63380281758901e-06,"****"
"Double_Neg","TK1_Pos",25.8508604206501,5.60725568420653,240,8,10.7711918419375,2.33635653508606,4.63380281758901e-06,"****"
"Double_Pos","Double_Neg",64.5,29.4034584077559,240,8,26.875,12.2514410032316,4.63380281758901e-06,"****"
"Double_Pos","TYMS_Pos",37.2351778656126,12.1714658874554,240,8,15.5146574440053,5.07144411977306,4.63380281758901e-06,"****"
"Double_Pos","Double_Pos",117.160079051383,38.0654473814531,240,8,48.8166996047431,15.8606030756055,4.63380281758901e-06,"****"
"Double_Pos","TK1_Pos",21.104743083004,5.91247190211242,240,8,8.79364295125165,2.46352995921351,4.63380281758901e-06,"****"
"TK1_Pos","Double_Neg",89.94,32.2401288155036,240,8,37.475,13.4333870064599,4.63380281758901e-06,"****"
"TK1_Pos","TYMS_Pos",39.6933333333333,13.1133144421979,240,8,16.5388888888889,5.46388101758245,4.63380281758901e-06,"****"
"TK1_Pos","Double_Pos",86.6933333333333,38.4515640000406,240,8,36.1222222222222,16.0214850000169,4.63380281758901e-06,"****"
"TK1_Pos","TK1_Pos",23.6733333333333,6.35049717090508,240,8,9.86388888888889,2.64604048787712,4.63380281758901e-06,"****"
"TYMS_Pos","Double_Neg",84.4522821576764,30.7664387797275,240,8,35.1884508990318,12.8193494915531,4.63380281758901e-06,"****"
"TYMS_Pos","TYMS_Pos",44.2489626556017,14.7454883270364,240,8,18.4370677731674,6.14395346959849,4.63380281758901e-06,"****"
"TYMS_Pos","Double_Pos",87.8423236514523,40.5413373555701,240,8,36.6009681881051,16.8922238981542,4.63380281758901e-06,"****"
"TYMS_Pos","TK1_Pos",23.4564315352697,5.88422769327757,240,8,9.77351313969571,2.45176153886566,4.63380281758901e-06,"****"
"Double_Neg","Double_Neg",120.013157894737,28.0788497718706,300,9,40.0043859649123,9.35961659062354,5.58316552632492e-07,"****"
"Double_Neg","TYMS_Pos",50.5592105263158,14.958286417975,300,9,16.8530701754386,4.98609547265833,5.58316552632492e-07,"****"
"Double_Neg","Double_Pos",97.5065789473684,35.6760756558894,300,9,32.5021929824561,11.8920252186298,5.58316552632492e-07,"****"
"Double_Neg","TK1_Pos",31.9210526315789,6.23833555829463,300,9,10.640350877193,2.07944518609821,5.58316552632492e-07,"****"
"Double_Pos","Double_Neg",85.608,34.282382560299,300,9,28.536,11.427460853433,5.58316552632492e-07,"****"
"Double_Pos","TYMS_Pos",47.2666666666667,14.8967330637116,300,9,15.7555555555556,4.96557768790388,5.58316552632492e-07,"****"
"Double_Pos","Double_Pos",140.261333333333,45.3529353133066,300,9,46.7537777777778,15.1176451044355,5.58316552632492e-07,"****"
"Double_Pos","TK1_Pos",26.864,6.8836907150861,300,9,8.95466666666667,2.29456357169537,5.58316552632492e-07,"****"
"TK1_Pos","Double_Neg",111.527559055118,34.4967969002262,300,9,37.1758530183727,11.4989323000754,5.58316552632492e-07,"****"
"TK1_Pos","TYMS_Pos",49.8346456692913,16.1357159690474,300,9,16.6115485564304,5.37857198968246,5.58316552632492e-07,"****"
"TK1_Pos","Double_Pos",109.181102362205,44.0555957065713,300,9,36.3937007874016,14.6851985688571,5.58316552632492e-07,"****"
"TK1_Pos","TK1_Pos",29.4566929133858,7.49471338070494,300,9,9.81889763779527,2.49823779356831,5.58316552632492e-07,"****"
"TYMS_Pos","Double_Neg",107.361386138614,35.0695555351397,300,9,35.7871287128713,11.6898518450466,5.58316552632492e-07,"****"
"TYMS_Pos","TYMS_Pos",54.6089108910891,17.5261146955159,300,9,18.2029702970297,5.84203823183863,5.58316552632492e-07,"****"
"TYMS_Pos","Double_Pos",108.445544554455,48.1413704334891,300,9,36.1485148514852,16.0471234778297,5.58316552632492e-07,"****"
"TYMS_Pos","TK1_Pos",29.5841584158416,6.29422435519151,300,9,9.86138613861386,2.09807478506384,5.58316552632492e-07,"****"
"Double_Neg","Double_Neg",142.1581769437,29.6982887328004,366,10,38.8410319518305,8.1142865390165,2.56075293233195e-08,"****"
"Double_Neg","TYMS_Pos",60.916890080429,17.0911867806545,366,10,16.6439590383686,4.66972316411325,2.56075293233195e-08,"****"
"Double_Neg","Double_Pos",124.482573726542,41.1798160422324,366,10,34.0116321657217,11.2513158585335,2.56075293233195e-08,"****"
"Double_Neg","TK1_Pos",38.4423592493298,6.90994505445153,366,10,10.5033768440792,1.88796312963157,2.56075293233195e-08,"****"
"Double_Pos","Double_Neg",112.054901960784,38.102288323439,366,10,30.6160934319083,10.4104612905571,2.56075293233195e-08,"****"
"Double_Pos","TYMS_Pos",58.3058823529412,17.9213220538925,366,10,15.930568948891,4.89653608029849,2.56075293233195e-08,"****"
"Double_Pos","Double_Pos",161.623529411765,51.8506280884186,366,10,44.1594342655095,14.1668382755242,2.56075293233195e-08,"****"
"Double_Pos","TK1_Pos",34.0156862745098,7.75052379609193,366,10,9.2939033536912,2.11762945248413,2.56075293233195e-08,"****"
"TK1_Pos","Double_Neg",137.539215686275,34.802888115226,366,10,37.57902067931,9.50898582383224,2.56075293233195e-08,"****"
"TK1_Pos","TYMS_Pos",60.7647058823529,18.1861531868183,366,10,16.6023786563806,4.96889431333833,2.56075293233195e-08,"****"
"TK1_Pos","Double_Pos",130.607843137255,48.8937333980431,366,10,35.6852030429658,13.3589435513779,2.56075293233195e-08,"****"
"TK1_Pos","TK1_Pos",37.0882352941176,7.97409536279694,366,10,10.1333976213436,2.17871457999916,2.56075293233195e-08,"****"
"TYMS_Pos","Double_Neg",133.78612716763,37.5675427935056,366,10,36.5535866578224,10.2643559545097,2.56075293233195e-08,"****"
"TYMS_Pos","TYMS_Pos",66.4046242774566,19.9134283752076,366,10,18.1433399665182,5.44082742492011,2.56075293233195e-08,"****"
"TYMS_Pos","Double_Pos",129.445086705202,55.0974152267842,366,10,35.3675100287438,15.0539385865531,2.56075293233195e-08,"****"
"TYMS_Pos","TK1_Pos",36.364161849711,7.01081299546446,366,10,9.93556334691557,1.91552267635641,2.56075293233195e-08,"****"
