specimen_id	cohort	locus	sample_name	r1	r2	remote_fastq_r1	remote_fastq_r2	analysis_read	analysis_fastq	analysis_name	processed_summary_json	fastq_status	analysis_include	exclusion_reason
Normal_458	Normal	Kras	L711	L711_S1_R1_001.fastq.gz	L711_S1_R2_001.fastq.gz	data/fastq/L711_S1_R1_001.fastq.gz	data/fastq/L711_S1_R2_001.fastq.gz	R1	results/processed_forward_reads/Normal_458_Kras.forward.fastq.gz	Normal_458_Kras	results/processed_forward_reads/Normal_458_Kras.summary.json	present	yes	
Normal_460	Normal	Kras	L712	L712_S2_R1_001.fastq.gz	L712_S2_R2_001.fastq.gz	data/fastq/L712_S2_R1_001.fastq.gz	data/fastq/L712_S2_R2_001.fastq.gz	R1	results/processed_forward_reads/Normal_460_Kras.forward.fastq.gz	Normal_460_Kras	results/processed_forward_reads/Normal_460_Kras.summary.json	present	yes	
KPTT_617	KPTT	Kras	L713	L713_S3_R1_001.fastq.gz	L713_S3_R2_001.fastq.gz	data/fastq/L713_S3_R1_001.fastq.gz	data/fastq/L713_S3_R2_001.fastq.gz	R1	results/processed_forward_reads/KPTT_617_Kras.forward.fastq.gz	KPTT_617_Kras	results/processed_forward_reads/KPTT_617_Kras.summary.json	present	yes	
KPTT_637	KPTT	Kras	L714	L714_S4_R1_001.fastq.gz	L714_S4_R2_001.fastq.gz	data/fastq/L714_S4_R1_001.fastq.gz	data/fastq/L714_S4_R2_001.fastq.gz	R1	results/processed_forward_reads/KPTT_637_Kras.forward.fastq.gz	KPTT_637_Kras	results/processed_forward_reads/KPTT_637_Kras.summary.json	present	yes	
KPTT_646	KPTT	Kras	L715	L715_S5_R1_001.fastq.gz	L715_S5_R2_001.fastq.gz	data/fastq/L715_S5_R1_001.fastq.gz	data/fastq/L715_S5_R2_001.fastq.gz	R1	results/processed_forward_reads/KPTT_646_Kras.forward.fastq.gz	KPTT_646_Kras	results/processed_forward_reads/KPTT_646_Kras.summary.json	present	yes	
KPTT_613	KPTT	Kras	L716	L716_S6_R1_001.fastq.gz	L716_S6_R2_001.fastq.gz	data/fastq/L716_S6_R1_001.fastq.gz	data/fastq/L716_S6_R2_001.fastq.gz	R1	results/processed_forward_reads/KPTT_613_Kras.forward.fastq.gz	KPTT_613_Kras	results/processed_forward_reads/KPTT_613_Kras.summary.json	present	yes	
KPTT_655	KPTT	Kras	L717	L717_S7_R1_001.fastq.gz	L717_S7_R2_001.fastq.gz	data/fastq/L717_S7_R1_001.fastq.gz	data/fastq/L717_S7_R2_001.fastq.gz	R1	results/processed_forward_reads/KPTT_655_Kras.forward.fastq.gz	KPTT_655_Kras	results/processed_forward_reads/KPTT_655_Kras.summary.json	present	yes	
KP_398	KP	Kras	L718	L718_S8_R1_001.fastq.gz	L718_S8_R2_001.fastq.gz	data/fastq/L718_S8_R1_001.fastq.gz	data/fastq/L718_S8_R2_001.fastq.gz	R1	results/processed_forward_reads/KP_398_Kras.forward.fastq.gz	KP_398_Kras	results/processed_forward_reads/KP_398_Kras.summary.json	present	yes	
KP_376	KP	Kras	L719	L719_S9_R1_001.fastq.gz	L719_S9_R2_001.fastq.gz	data/fastq/L719_S9_R1_001.fastq.gz	data/fastq/L719_S9_R2_001.fastq.gz	R1	results/processed_forward_reads/KP_376_Kras.forward.fastq.gz	KP_376_Kras	results/processed_forward_reads/KP_376_Kras.summary.json	present	yes	
KP_850	KP	Kras	L720	L720_S10_R1_001.fastq.gz	L720_S10_R2_001.fastq.gz	data/fastq/L720_S10_R1_001.fastq.gz	data/fastq/L720_S10_R2_001.fastq.gz	R1	results/processed_forward_reads/KP_850_Kras.forward.fastq.gz	KP_850_Kras	results/processed_forward_reads/KP_850_Kras.summary.json	present	yes	
KP_768	KP	Kras	L721	L721_S11_R1_001.fastq.gz	L721_S11_R2_001.fastq.gz	data/fastq/L721_S11_R1_001.fastq.gz	data/fastq/L721_S11_R2_001.fastq.gz	R1	results/processed_forward_reads/KP_768_Kras.forward.fastq.gz	KP_768_Kras	results/processed_forward_reads/KP_768_Kras.summary.json	present	yes	
KP_751	KP	Kras	L722	L722_S12_R1_001.fastq.gz	L722_S12_R2_001.fastq.gz	data/fastq/L722_S12_R1_001.fastq.gz	data/fastq/L722_S12_R2_001.fastq.gz	R1	results/processed_forward_reads/KP_751_Kras.forward.fastq.gz	KP_751_Kras	results/processed_forward_reads/KP_751_Kras.summary.json	present	yes	
KP_703	KP	Kras	L723	L723_S13_R1_001.fastq.gz	L723_S13_R2_001.fastq.gz	data/fastq/L723_S13_R1_001.fastq.gz	data/fastq/L723_S13_R2_001.fastq.gz	R1	results/processed_forward_reads/KP_703_Kras.forward.fastq.gz	KP_703_Kras	results/processed_forward_reads/KP_703_Kras.summary.json	present	yes	
KP_875	KP	Kras	L724	L724_S14_R1_001.fastq.gz	L724_S14_R2_001.fastq.gz	data/fastq/L724_S14_R1_001.fastq.gz	data/fastq/L724_S14_R2_001.fastq.gz	R1	results/processed_forward_reads/KP_875_Kras.forward.fastq.gz	KP_875_Kras	results/processed_forward_reads/KP_875_Kras.summary.json	present	yes	
KP_811	KP	Kras	L725	L725_S15_R1_001.fastq.gz	L725_S15_R2_001.fastq.gz	data/fastq/L725_S15_R1_001.fastq.gz	data/fastq/L725_S15_R2_001.fastq.gz	R1	results/processed_forward_reads/KP_811_Kras.forward.fastq.gz	KP_811_Kras	results/processed_forward_reads/KP_811_Kras.summary.json	present	yes	
KP_848	KP	Kras	L726	L726_S16_R1_001.fastq.gz	L726_S16_R2_001.fastq.gz	data/fastq/L726_S16_R1_001.fastq.gz	data/fastq/L726_S16_R2_001.fastq.gz	R1	results/processed_forward_reads/KP_848_Kras.forward.fastq.gz	KP_848_Kras	results/processed_forward_reads/KP_848_Kras.summary.json	present	yes	
KP_378	KP	Kras	L727	L727_S17_R1_001.fastq.gz	L727_S17_R2_001.fastq.gz	data/fastq/L727_S17_R1_001.fastq.gz	data/fastq/L727_S17_R2_001.fastq.gz	R1	results/processed_forward_reads/KP_378_Kras.forward.fastq.gz	KP_378_Kras	results/processed_forward_reads/KP_378_Kras.summary.json	present	yes	
Normal_458	Normal	Trp53	L728	L728_S18_R1_001.fastq.gz	L728_S18_R2_001.fastq.gz	data/fastq/L728_S18_R1_001.fastq.gz	data/fastq/L728_S18_R2_001.fastq.gz	R1	results/processed_forward_reads/Normal_458_Trp53.forward.fastq.gz	Normal_458_Trp53	results/processed_forward_reads/Normal_458_Trp53.summary.json	present	yes	
Normal_460	Normal	Trp53	L729	L729_S19_R1_001.fastq.gz	L729_S19_R2_001.fastq.gz	data/fastq/L729_S19_R1_001.fastq.gz	data/fastq/L729_S19_R2_001.fastq.gz	R1	results/processed_forward_reads/Normal_460_Trp53.forward.fastq.gz	Normal_460_Trp53	results/processed_forward_reads/Normal_460_Trp53.summary.json	present	yes	
KPTT_617	KPTT	Trp53	L730	L730_S20_R1_001.fastq.gz	L730_S20_R2_001.fastq.gz	data/fastq/L730_S20_R1_001.fastq.gz	data/fastq/L730_S20_R2_001.fastq.gz	R1	results/processed_forward_reads/KPTT_617_Trp53.forward.fastq.gz	KPTT_617_Trp53	results/processed_forward_reads/KPTT_617_Trp53.summary.json	present	yes	
KPTT_637	KPTT	Trp53	L731	L731_S21_R1_001.fastq.gz	L731_S21_R2_001.fastq.gz	data/fastq/L731_S21_R1_001.fastq.gz	data/fastq/L731_S21_R2_001.fastq.gz	R1	results/processed_forward_reads/KPTT_637_Trp53.forward.fastq.gz	KPTT_637_Trp53	results/processed_forward_reads/KPTT_637_Trp53.summary.json	present	yes	
KPTT_646	KPTT	Trp53	L732	L732_S22_R1_001.fastq.gz	L732_S22_R2_001.fastq.gz	data/fastq/L732_S22_R1_001.fastq.gz	data/fastq/L732_S22_R2_001.fastq.gz	R1	results/processed_forward_reads/KPTT_646_Trp53.forward.fastq.gz	KPTT_646_Trp53	results/processed_forward_reads/KPTT_646_Trp53.summary.json	present	yes	
KPTT_613	KPTT	Trp53	L733	L733_S23_R1_001.fastq.gz	L733_S23_R2_001.fastq.gz	data/fastq/L733_S23_R1_001.fastq.gz	data/fastq/L733_S23_R2_001.fastq.gz	R1	results/processed_forward_reads/KPTT_613_Trp53.forward.fastq.gz	KPTT_613_Trp53	results/processed_forward_reads/KPTT_613_Trp53.summary.json	present	yes	
KPTT_655	KPTT	Trp53	L734	L734_S24_R1_001.fastq.gz	L734_S24_R2_001.fastq.gz	data/fastq/L734_S24_R1_001.fastq.gz	data/fastq/L734_S24_R2_001.fastq.gz	R1	results/processed_forward_reads/KPTT_655_Trp53.forward.fastq.gz	KPTT_655_Trp53	results/processed_forward_reads/KPTT_655_Trp53.summary.json	present	yes	
KP_398	KP	Trp53	L735	L735_S25_R1_001.fastq.gz	L735_S25_R2_001.fastq.gz	data/fastq/L735_S25_R1_001.fastq.gz	data/fastq/L735_S25_R2_001.fastq.gz	R1	results/processed_forward_reads/KP_398_Trp53.forward.fastq.gz	KP_398_Trp53	results/processed_forward_reads/KP_398_Trp53.summary.json	present	yes	
KP_376	KP	Trp53	L736	L736_S26_R1_001.fastq.gz	L736_S26_R2_001.fastq.gz	data/fastq/L736_S26_R1_001.fastq.gz	data/fastq/L736_S26_R2_001.fastq.gz	R1	results/processed_forward_reads/KP_376_Trp53.forward.fastq.gz	KP_376_Trp53	results/processed_forward_reads/KP_376_Trp53.summary.json	present	yes	
KP_850	KP	Trp53	L737	L737_S27_R1_001.fastq.gz	L737_S27_R2_001.fastq.gz	data/fastq/L737_S27_R1_001.fastq.gz	data/fastq/L737_S27_R2_001.fastq.gz	R1	results/processed_forward_reads/KP_850_Trp53.forward.fastq.gz	KP_850_Trp53	results/processed_forward_reads/KP_850_Trp53.summary.json	present	yes	
KP_768	KP	Trp53	L738	L738_S28_R1_001.fastq.gz	L738_S28_R2_001.fastq.gz	data/fastq/L738_S28_R1_001.fastq.gz	data/fastq/L738_S28_R2_001.fastq.gz	R1	results/processed_forward_reads/KP_768_Trp53.forward.fastq.gz	KP_768_Trp53	results/processed_forward_reads/KP_768_Trp53.summary.json	present	yes	
KP_751	KP	Trp53	L739	L739_S29_R1_001.fastq.gz	L739_S29_R2_001.fastq.gz	data/fastq/L739_S29_R1_001.fastq.gz	data/fastq/L739_S29_R2_001.fastq.gz	R1	results/processed_forward_reads/KP_751_Trp53.forward.fastq.gz	KP_751_Trp53	results/processed_forward_reads/KP_751_Trp53.summary.json	present	yes	
KP_703	KP	Trp53	L740	L740_S30_R1_001.fastq.gz	L740_S30_R2_001.fastq.gz	data/fastq/L740_S30_R1_001.fastq.gz	data/fastq/L740_S30_R2_001.fastq.gz	R1	results/processed_forward_reads/KP_703_Trp53.forward.fastq.gz	KP_703_Trp53	results/processed_forward_reads/KP_703_Trp53.summary.json	present	yes	
KP_875	KP	Trp53	L741	L741_S31_R1_001.fastq.gz	L741_S31_R2_001.fastq.gz	data/fastq/L741_S31_R1_001.fastq.gz	data/fastq/L741_S31_R2_001.fastq.gz	R1	results/processed_forward_reads/KP_875_Trp53.forward.fastq.gz	KP_875_Trp53	results/processed_forward_reads/KP_875_Trp53.summary.json	present	yes	
KP_811	KP	Trp53	L742	L742_S32_R1_001.fastq.gz	L742_S32_R2_001.fastq.gz	data/fastq/L742_S32_R1_001.fastq.gz	data/fastq/L742_S32_R2_001.fastq.gz	R1	results/processed_forward_reads/KP_811_Trp53.forward.fastq.gz	KP_811_Trp53	results/processed_forward_reads/KP_811_Trp53.summary.json	excluded	no	failed_qc_missing_fastq
KP_848	KP	Trp53	L743	L743_S33_R1_001.fastq.gz	L743_S33_R2_001.fastq.gz	data/fastq/L743_S33_R1_001.fastq.gz	data/fastq/L743_S33_R2_001.fastq.gz	R1	results/processed_forward_reads/KP_848_Trp53.forward.fastq.gz	KP_848_Trp53	results/processed_forward_reads/KP_848_Trp53.summary.json	present	yes	
KP_378	KP	Trp53	L744	L744_S34_R1_001.fastq.gz	L744_S34_R2_001.fastq.gz	data/fastq/L744_S34_R1_001.fastq.gz	data/fastq/L744_S34_R2_001.fastq.gz	R1	results/processed_forward_reads/KP_378_Trp53.forward.fastq.gz	KP_378_Trp53	results/processed_forward_reads/KP_378_Trp53.summary.json	present	yes	
