specimen_id	cohort	locus	analysis_name	processed_reads	usable_reads	primary_metric_name	primary_metric_pct	technical_artifact_reads	technical_artifact_pct	qc_flag
Normal_458	Normal	Kras	Normal_458_Kras	1285438	1285438	kras_hdr_exact_pct	0.000000	0	0.000000	high_noncanonical_fraction
Normal_458	Normal	Trp53	Normal_458_Trp53	NA	854827	trp53_indel_pct	0.060012	816192	48.843969	edge_truncation_present
Normal_460	Normal	Kras	Normal_460_Kras	1383091	1383091	kras_hdr_exact_pct	0.000000	0	0.000000	pass
Normal_460	Normal	Trp53	Normal_460_Trp53	NA	979906	trp53_indel_pct	0.106745	932115	48.750249	edge_truncation_present
KP_376	KP	Kras	KP_376_Kras	1333726	1333726	kras_hdr_exact_pct	0.001425	0	0.000000	pass
KP_376	KP	Trp53	KP_376_Trp53	NA	973665	trp53_indel_pct	68.101554	338909	25.820182	pass
KP_378	KP	Kras	KP_378_Kras	1289839	1289839	kras_hdr_exact_pct	0.000155	0	0.000000	high_noncanonical_fraction
KP_378	KP	Trp53	KP_378_Trp53	NA	801220	trp53_indel_pct	51.610794	758741	48.638460	edge_truncation_present
KP_398	KP	Kras	KP_398_Kras	1552004	1552004	kras_hdr_exact_pct	0.022551	0	0.000000	pass
KP_398	KP	Trp53	KP_398_Trp53	NA	801940	trp53_indel_pct	54.159538	645763	44.606041	edge_truncation_present
KP_703	KP	Kras	KP_703_Kras	1206929	1206929	kras_hdr_exact_pct	0.001491	0	0.000000	pass
KP_703	KP	Trp53	KP_703_Trp53	NA	866976	trp53_indel_pct	39.453572	816834	48.511055	edge_truncation_present
KP_751	KP	Kras	KP_751_Kras	1308571	1308571	kras_hdr_exact_pct	0.002293	0	0.000000	pass
KP_751	KP	Trp53	KP_751_Trp53	NA	900140	trp53_indel_pct	37.534495	873687	49.254352	edge_truncation_present
KP_768	KP	Kras	KP_768_Kras	1174536	1174536	kras_hdr_exact_pct	0.023924	0	0.000000	pass
KP_768	KP	Trp53	KP_768_Trp53	NA	815382	trp53_indel_pct	24.419965	695196	46.021854	edge_truncation_present
KP_811	KP	Kras	KP_811_Kras	1257642	1257642	kras_hdr_exact_pct	0.048106	0	0.000000	pass
KP_811	KP	Trp53	KP_811_Trp53	NA	NA	trp53_indel_pct	NA	NA	NA	missing_after_qc
KP_848	KP	Kras	KP_848_Kras	1517981	1517981	kras_hdr_exact_pct	0.000264	0	0.000000	pass
KP_848	KP	Trp53	KP_848_Trp53	NA	905593	trp53_indel_pct	26.908666	868451	48.953183	edge_truncation_present
KP_850	KP	Kras	KP_850_Kras	1202768	1202768	kras_hdr_exact_pct	0.000499	0	0.000000	pass
KP_850	KP	Trp53	KP_850_Trp53	NA	854185	trp53_indel_pct	45.210113	788568	48.002834	edge_truncation_present
KP_875	KP	Kras	KP_875_Kras	1695367	1695367	kras_hdr_exact_pct	0.054737	0	0.000000	pass
KP_875	KP	Trp53	KP_875_Trp53	NA	768200	trp53_indel_pct	17.176777	727085	48.625178	edge_truncation_present
KPTT_613	KPTT	Kras	KPTT_613_Kras	1885591	1885591	kras_hdr_exact_pct	0.001750	0	0.000000	pass
KPTT_613	KPTT	Trp53	KPTT_613_Trp53	NA	851239	trp53_indel_pct	35.825544	800932	48.477549	edge_truncation_present
KPTT_617	KPTT	Kras	KPTT_617_Kras	1440419	1440419	kras_hdr_exact_pct	0.005346	0	0.000000	pass
KPTT_617	KPTT	Trp53	KPTT_617_Trp53	NA	930001	trp53_indel_pct	26.715455	880957	48.645910	edge_truncation_present
KPTT_637	KPTT	Kras	KPTT_637_Kras	1263954	1263954	kras_hdr_exact_pct	0.001820	0	0.000000	pass
KPTT_637	KPTT	Trp53	KPTT_637_Trp53	NA	787213	trp53_indel_pct	42.045927	732552	48.201663	edge_truncation_present
KPTT_646	KPTT	Kras	KPTT_646_Kras	1464791	1464791	kras_hdr_exact_pct	0.009080	0	0.000000	pass
KPTT_646	KPTT	Trp53	KPTT_646_Trp53	NA	786995	trp53_indel_pct	4.455556	737223	48.367294	edge_truncation_present
KPTT_655	KPTT	Kras	KPTT_655_Kras	1316688	1316688	kras_hdr_exact_pct	0.000911	0	0.000000	pass
KPTT_655	KPTT	Trp53	KPTT_655_Trp53	NA	872624	trp53_indel_pct	26.390977	824076	48.569340	edge_truncation_present
