specimen_id	cohort	locus	sample_name	r1	r2
Normal_458	Normal	Kras	L711	L711_S1_R1_001.fastq.gz	L711_S1_R2_001.fastq.gz
Normal_460	Normal	Kras	L712	L712_S2_R1_001.fastq.gz	L712_S2_R2_001.fastq.gz
KPTT_617	KPTT	Kras	L713	L713_S3_R1_001.fastq.gz	L713_S3_R2_001.fastq.gz
KPTT_637	KPTT	Kras	L714	L714_S4_R1_001.fastq.gz	L714_S4_R2_001.fastq.gz
KPTT_646	KPTT	Kras	L715	L715_S5_R1_001.fastq.gz	L715_S5_R2_001.fastq.gz
KPTT_613	KPTT	Kras	L716	L716_S6_R1_001.fastq.gz	L716_S6_R2_001.fastq.gz
KPTT_655	KPTT	Kras	L717	L717_S7_R1_001.fastq.gz	L717_S7_R2_001.fastq.gz
KP_398	KP	Kras	L718	L718_S8_R1_001.fastq.gz	L718_S8_R2_001.fastq.gz
KP_376	KP	Kras	L719	L719_S9_R1_001.fastq.gz	L719_S9_R2_001.fastq.gz
KP_850	KP	Kras	L720	L720_S10_R1_001.fastq.gz	L720_S10_R2_001.fastq.gz
KP_768	KP	Kras	L721	L721_S11_R1_001.fastq.gz	L721_S11_R2_001.fastq.gz
KP_751	KP	Kras	L722	L722_S12_R1_001.fastq.gz	L722_S12_R2_001.fastq.gz
KP_703	KP	Kras	L723	L723_S13_R1_001.fastq.gz	L723_S13_R2_001.fastq.gz
KP_875	KP	Kras	L724	L724_S14_R1_001.fastq.gz	L724_S14_R2_001.fastq.gz
KP_811	KP	Kras	L725	L725_S15_R1_001.fastq.gz	L725_S15_R2_001.fastq.gz
KP_848	KP	Kras	L726	L726_S16_R1_001.fastq.gz	L726_S16_R2_001.fastq.gz
KP_378	KP	Kras	L727	L727_S17_R1_001.fastq.gz	L727_S17_R2_001.fastq.gz
Normal_458	Normal	Trp53	L728	L728_S18_R1_001.fastq.gz	L728_S18_R2_001.fastq.gz
Normal_460	Normal	Trp53	L729	L729_S19_R1_001.fastq.gz	L729_S19_R2_001.fastq.gz
KPTT_617	KPTT	Trp53	L730	L730_S20_R1_001.fastq.gz	L730_S20_R2_001.fastq.gz
KPTT_637	KPTT	Trp53	L731	L731_S21_R1_001.fastq.gz	L731_S21_R2_001.fastq.gz
KPTT_646	KPTT	Trp53	L732	L732_S22_R1_001.fastq.gz	L732_S22_R2_001.fastq.gz
KPTT_613	KPTT	Trp53	L733	L733_S23_R1_001.fastq.gz	L733_S23_R2_001.fastq.gz
KPTT_655	KPTT	Trp53	L734	L734_S24_R1_001.fastq.gz	L734_S24_R2_001.fastq.gz
KP_398	KP	Trp53	L735	L735_S25_R1_001.fastq.gz	L735_S25_R2_001.fastq.gz
KP_376	KP	Trp53	L736	L736_S26_R1_001.fastq.gz	L736_S26_R2_001.fastq.gz
KP_850	KP	Trp53	L737	L737_S27_R1_001.fastq.gz	L737_S27_R2_001.fastq.gz
KP_768	KP	Trp53	L738	L738_S28_R1_001.fastq.gz	L738_S28_R2_001.fastq.gz
KP_751	KP	Trp53	L739	L739_S29_R1_001.fastq.gz	L739_S29_R2_001.fastq.gz
KP_703	KP	Trp53	L740	L740_S30_R1_001.fastq.gz	L740_S30_R2_001.fastq.gz
KP_875	KP	Trp53	L741	L741_S31_R1_001.fastq.gz	L741_S31_R2_001.fastq.gz
KP_811	KP	Trp53	L742	L742_S32_R1_001.fastq.gz	L742_S32_R2_001.fastq.gz
KP_848	KP	Trp53	L743	L743_S33_R1_001.fastq.gz	L743_S33_R2_001.fastq.gz
KP_378	KP	Trp53	L744	L744_S34_R1_001.fastq.gz	L744_S34_R2_001.fastq.gz
